Request_ID,Arrival_Time,Request_Type,Priority,Service_Time,Queue_Wait_Time,Assigned_Server,Completion_Time,CPU_Utilization,Memory_Usage,Response_Time
1,374.54,Memory-Intensive,Medium,32.68,7.72,VM2,414.94,65.66,4172.26,40.4
2,950.71,I/O-Intensive,High,44.51,11.77,VM12,1006.99,85.54,7582.31,56.28
3,731.99,Memory-Intensive,Medium,30.34,3.71,VM6,766.04,89.64,381.8,34.05
4,598.66,Memory-Intensive,Low,25.61,12.0,VM10,636.27,46.02,6048.67,37.61
5,156.02,Compute-Intensive,High,7.8,17.23,VM16,181.05,30.2,7309.09,25.03
6,155.99,Compute-Intensive,Medium,6.67,17.37,VM14,180.03,45.43,745.45,24.04
7,58.08,Memory-Intensive,Medium,8.56,14.49,VM7,81.13,77.78,3827.71,23.05
8,866.18,Compute-Intensive,Medium,9.42,14.92,VM19,890.52,26.48,1880.65,24.34
9,601.12,I/O-Intensive,High,32.26,11.16,VM17,644.54,86.17,4751.89,43.42
10,708.07,I/O-Intensive,Low,37.31,11.69,VM9,757.07,37.35,5410.77,49.0
11,20.58,Compute-Intensive,Medium,26.97,2.67,VM13,50.22,88.86,2657.62,29.64
12,969.91,I/O-Intensive,Medium,41.62,8.88,VM5,1020.41,77.09,3906.41,50.5
13,832.44,Compute-Intensive,Medium,49.57,9.02,VM5,891.03,74.69,2472.84,58.59
14,212.34,Memory-Intensive,Medium,41.18,19.17,VM10,272.69,35.43,3187.49,60.35
15,181.82,Memory-Intensive,Medium,35.05,8.62,VM10,225.49,10.7,1522.11,43.67
16,183.4,I/O-Intensive,Low,27.09,10.99,VM7,221.48,40.57,7283.8,38.08
17,304.24,Compute-Intensive,Low,22.99,10.67,VM15,337.9,34.14,335.44,33.66
18,524.76,Compute-Intensive,Medium,5.14,12.74,VM7,542.64,12.99,7258.8,17.88
19,431.95,I/O-Intensive,High,20.57,14.96,VM15,467.48,50.43,4792.84,35.53
20,291.23,Memory-Intensive,Low,45.6,4.5,VM3,341.33,42.24,2888.04,50.1
21,611.85,I/O-Intensive,High,40.59,10.57,VM19,663.01,60.76,5994.18,51.16
22,139.49,Memory-Intensive,Low,11.59,16.52,VM10,167.6,59.69,4285.52,28.11
23,292.14,Compute-Intensive,Medium,23.86,9.26,VM15,325.26,19.66,4216.93,33.12
24,366.36,Memory-Intensive,Low,41.02,5.57,VM3,412.95,88.16,1130.09,46.59
25,456.07,I/O-Intensive,Medium,4.3,13.09,VM6,473.46,24.95,3347.2,17.39
26,785.18,Compute-Intensive,Low,19.98,16.48,VM12,821.64,45.62,2169.09,36.46
27,199.67,I/O-Intensive,Medium,42.74,1.26,VM15,243.67,49.05,380.56,44.0
28,514.23,I/O-Intensive,Medium,20.79,15.54,VM6,550.56,75.05,3113.75,36.33
29,592.41,Memory-Intensive,Medium,4.8,16.43,VM13,613.64,17.94,968.83,21.23
30,46.45,I/O-Intensive,Medium,27.58,9.23,VM19,83.26,44.29,2294.2,36.81
31,607.54,Memory-Intensive,High,43.23,19.67,VM3,670.44,60.28,990.21,62.9
32,170.52,Compute-Intensive,Medium,29.92,15.73,VM8,216.17,27.21,1057.07,45.65
33,65.05,Memory-Intensive,High,12.09,15.47,VM8,92.61,60.2,1835.35,27.56
34,948.89,Compute-Intensive,High,19.83,14.96,VM20,983.68,83.89,8190.8,34.79
35,965.63,Memory-Intensive,Medium,23.06,3.01,VM15,991.7,89.8,273.33,26.07
36,808.4,I/O-Intensive,High,29.38,4.34,VM4,842.12,12.6,5324.51,33.72
37,304.61,Memory-Intensive,Low,38.21,9.28,VM19,352.1,28.85,1376.91,47.49
38,97.67,Memory-Intensive,Medium,5.84,5.28,VM3,108.79,34.82,7562.1,11.12
39,684.23,Compute-Intensive,High,44.59,8.3,VM13,737.12,41.93,999.07,52.89
40,440.15,I/O-Intensive,Medium,1.6,17.77,VM8,459.52,29.38,7835.38,19.37
41,122.04,Memory-Intensive,Medium,19.13,16.49,VM16,157.66,26.28,5104.31,35.62
42,495.18,I/O-Intensive,Medium,2.34,12.6,VM13,510.12,86.36,266.06,14.94
43,34.39,Memory-Intensive,High,20.26,17.16,VM3,71.81,83.48,7350.84,37.42
44,909.32,Memory-Intensive,Low,26.76,15.68,VM16,951.76,13.76,4396.3,42.44
45,258.78,I/O-Intensive,Low,26.07,8.58,VM9,293.43,37.11,2340.55,34.65
46,662.52,Memory-Intensive,High,9.12,4.02,VM14,675.66,42.41,6345.13,13.14
47,311.71,I/O-Intensive,Medium,32.64,10.28,VM13,354.63,29.12,7610.02,42.92
48,520.07,Memory-Intensive,High,3.19,14.72,VM7,537.98,60.31,4094.57,17.91
49,546.71,Compute-Intensive,High,38.33,8.73,VM15,593.77,61.23,2760.23,47.06
50,184.85,I/O-Intensive,High,47.39,13.34,VM7,245.58,78.04,6517.07,60.73
51,969.58,Memory-Intensive,Medium,17.65,1.89,VM6,989.12,69.27,5666.65,19.54
52,775.13,Memory-Intensive,High,26.34,14.96,VM2,816.43,53.41,7309.14,41.3
53,939.5,Compute-Intensive,Medium,19.57,16.25,VM9,975.32,62.29,5751.79,35.82
54,894.83,I/O-Intensive,High,1.33,14.14,VM17,910.3,31.92,2188.64,15.47
55,597.9,Memory-Intensive,Low,19.91,19.35,VM5,637.16,57.44,7649.65,39.26
56,921.87,Compute-Intensive,High,39.79,16.53,VM12,978.19,49.14,1087.98,56.32
57,88.49,Memory-Intensive,High,30.2,18.06,VM1,136.75,20.67,2382.39,48.26
58,195.98,I/O-Intensive,Low,5.96,18.67,VM10,220.61,29.4,4384.26,24.63
59,45.23,Memory-Intensive,Medium,42.51,16.03,VM11,103.77,33.34,4745.73,58.54
60,325.33,Memory-Intensive,Medium,27.02,13.49,VM16,365.84,83.94,377.5,40.51
61,388.68,Memory-Intensive,High,42.24,0.11,VM14,431.03,28.43,6450.63,42.35
62,271.35,Memory-Intensive,Low,29.43,9.32,VM8,310.1,33.14,3125.72,38.75
63,828.74,Compute-Intensive,Medium,28.42,11.42,VM17,868.58,39.55,3481.34,39.84
64,356.75,Compute-Intensive,High,6.16,6.08,VM18,368.99,63.1,6679.16,12.24
65,280.93,I/O-Intensive,Low,9.2,6.36,VM12,296.49,19.46,3265.99,15.56
66,542.7,Compute-Intensive,Medium,48.63,19.22,VM17,610.55,86.32,630.78,67.85
67,140.92,Compute-Intensive,Medium,12.2,17.83,VM14,170.95,79.25,1656.23,30.03
68,802.2,I/O-Intensive,Low,48.9,16.98,VM16,868.08,56.18,7842.05,65.88
69,74.55,Compute-Intensive,Low,27.06,8.12,VM14,109.73,63.92,814.74,35.18
70,986.89,Compute-Intensive,Low,7.65,0.27,VM9,994.81,11.33,3072.73,7.92
71,772.24,I/O-Intensive,Low,5.87,1.6,VM4,779.71,37.12,4249.23,7.47
72,198.72,I/O-Intensive,High,11.23,6.24,VM11,216.19,73.65,4170.68,17.47
73,5.52,I/O-Intensive,Low,46.36,0.31,VM6,52.19,16.2,287.43,46.67
74,815.46,Memory-Intensive,Medium,21.29,0.34,VM15,837.09,32.59,4233.23,21.63
75,706.86,Memory-Intensive,Medium,20.38,18.33,VM5,745.57,56.82,3301.62,38.71
76,729.01,I/O-Intensive,High,16.35,14.12,VM11,759.48,30.51,7970.42,30.47
77,771.27,I/O-Intensive,Medium,8.21,6.18,VM18,785.66,84.72,1519.09,14.39
78,74.04,I/O-Intensive,Medium,24.9,2.65,VM13,101.59,20.48,3066.57,27.55
79,358.47,Memory-Intensive,Low,7.37,10.23,VM11,376.07,73.79,3585.01,17.6
80,115.87,Memory-Intensive,Medium,41.94,0.11,VM14,157.92,50.64,3356.54,42.05
81,863.1,Compute-Intensive,High,19.15,18.77,VM18,901.02,70.03,5540.03,37.92
82,623.3,Compute-Intensive,Low,19.37,8.3,VM19,650.97,34.86,1966.31,27.67
83,330.9,I/O-Intensive,Low,24.23,8.05,VM15,363.18,51.16,2010.42,32.28
84,63.56,Memory-Intensive,High,22.76,7.81,VM9,94.13,78.55,6043.02,30.57
85,310.98,Memory-Intensive,Low,49.75,1.39,VM8,362.12,47.35,4226.31,51.14
86,325.18,Memory-Intensive,Low,27.72,12.77,VM20,365.67,38.78,3550.68,40.49
87,729.61,I/O-Intensive,High,5.32,14.66,VM1,749.59,52.89,1598.8,19.98
88,637.56,Compute-Intensive,Low,30.74,13.52,VM4,681.82,67.39,1744.22,44.26
89,887.21,I/O-Intensive,High,8.43,2.77,VM14,898.41,45.49,339.74,11.2
90,472.21,Compute-Intensive,High,2.52,11.58,VM2,486.31,85.11,981.56,14.1
91,119.59,Compute-Intensive,Medium,48.57,11.39,VM16,179.55,33.6,4675.07,59.96
92,713.24,I/O-Intensive,Medium,38.9,17.37,VM3,769.51,48.04,7333.91,56.27
93,760.79,Compute-Intensive,Low,49.03,7.58,VM8,817.4,70.55,2534.94,56.61
94,561.28,Compute-Intensive,Low,24.42,7.43,VM6,593.13,65.13,2857.0,31.85
95,770.97,Memory-Intensive,High,27.08,12.37,VM16,810.42,79.09,1173.45,39.45
96,493.8,Compute-Intensive,Low,9.25,12.66,VM16,515.71,89.74,3340.18,21.91
97,522.73,I/O-Intensive,High,13.1,9.39,VM7,545.22,44.15,551.39,22.49
98,427.54,I/O-Intensive,High,42.09,8.86,VM13,478.49,18.89,7538.08,50.95
99,25.42,Compute-Intensive,Low,18.45,9.88,VM13,53.75,12.43,5597.81,28.33
100,107.89,Memory-Intensive,High,41.51,17.22,VM5,166.62,68.15,8118.58,58.73
101,31.43,Memory-Intensive,Medium,35.74,9.22,VM20,76.39,79.92,7262.08,44.96
102,636.41,Compute-Intensive,Low,9.68,18.8,VM18,664.89,27.66,4009.65,28.48
103,314.36,Compute-Intensive,Medium,25.86,10.08,VM15,350.3,22.68,4380.22,35.94
104,508.57,I/O-Intensive,Low,34.19,18.98,VM18,561.74,14.98,1768.41,53.17
105,907.57,Compute-Intensive,High,12.52,16.66,VM2,936.75,75.82,3922.74,29.18
106,249.29,Memory-Intensive,Low,41.7,7.25,VM10,298.24,34.91,7422.43,48.95
107,410.38,Compute-Intensive,Medium,27.7,17.27,VM13,455.35,42.14,659.57,44.97
108,755.55,I/O-Intensive,High,9.1,2.2,VM18,766.85,50.22,7109.19,11.3
109,228.8,I/O-Intensive,Low,29.57,18.5,VM15,276.87,77.16,2961.76,48.07
110,76.98,I/O-Intensive,Low,49.99,12.63,VM12,139.6,62.07,7394.53,62.62
111,289.75,I/O-Intensive,Low,8.38,1.09,VM15,299.22,59.21,7722.82,9.47
112,161.22,I/O-Intensive,Medium,41.02,12.89,VM13,215.13,24.05,5579.98,53.91
113,929.7,Compute-Intensive,Medium,11.16,19.48,VM18,960.34,51.06,5528.87,30.64
114,808.12,Compute-Intensive,Low,39.34,1.4,VM15,848.86,67.23,3849.06,40.74
115,633.4,Compute-Intensive,High,36.99,11.09,VM11,681.48,87.86,6886.85,48.08
116,871.46,Compute-Intensive,High,15.72,14.96,VM19,902.14,26.11,7887.36,30.68
117,803.67,I/O-Intensive,Medium,16.97,16.21,VM3,836.85,10.76,6407.05,33.18
118,186.57,Memory-Intensive,High,39.83,8.28,VM7,234.68,16.02,5191.69,48.11
119,892.56,Compute-Intensive,Medium,23.61,4.08,VM14,920.25,40.07,5071.51,27.69
120,539.34,Memory-Intensive,Low,36.81,0.85,VM14,577.0,75.64,6997.39,37.66
121,807.44,Compute-Intensive,Medium,8.25,11.59,VM13,827.28,10.57,4550.99,19.84
122,896.09,Compute-Intensive,Medium,42.78,9.06,VM12,947.93,46.54,6635.43,51.84
123,318.0,Memory-Intensive,Low,35.83,18.97,VM9,372.8,36.34,4294.51,54.8
124,110.05,I/O-Intensive,High,45.44,1.21,VM1,156.7,14.2,751.56,46.65
125,227.94,Compute-Intensive,Medium,7.49,13.71,VM19,249.14,46.02,3303.0,21.2
126,427.11,Compute-Intensive,Medium,30.06,0.5,VM11,457.67,30.38,3783.08,30.56
127,818.01,Compute-Intensive,Low,30.36,3.43,VM19,851.8,38.15,1379.87,33.79
128,860.73,Memory-Intensive,High,18.32,9.07,VM18,888.12,66.45,1069.41,27.39
129,6.95,I/O-Intensive,Medium,23.46,9.1,VM12,39.51,51.72,4505.45,32.56
130,510.75,Memory-Intensive,Low,2.86,13.71,VM1,527.32,19.97,931.7,16.57
131,417.41,Memory-Intensive,Medium,37.55,18.2,VM19,473.16,86.91,2660.17,55.75
132,222.11,I/O-Intensive,Low,27.92,12.78,VM20,262.81,60.87,6165.12,40.7
133,119.87,Memory-Intensive,High,3.83,19.07,VM17,142.77,71.27,7909.73,22.9
134,337.62,I/O-Intensive,High,34.36,17.63,VM5,389.61,16.34,5953.02,51.99
135,942.91,Compute-Intensive,High,23.87,11.69,VM3,978.47,13.76,8133.48,35.56
136,323.2,I/O-Intensive,High,2.69,16.68,VM2,342.57,11.56,5798.01,19.37
137,518.79,Compute-Intensive,Medium,48.51,12.85,VM3,580.15,25.1,2587.55,61.36
138,703.02,Memory-Intensive,Medium,47.51,1.57,VM8,752.1,43.15,5589.41,49.08
139,363.63,Memory-Intensive,High,26.13,14.81,VM16,404.57,84.87,5828.32,40.94
140,971.78,Compute-Intensive,High,5.59,1.9,VM6,979.27,46.56,3206.03,7.49
141,962.45,Memory-Intensive,High,37.98,11.88,VM13,1012.31,33.22,396.58,49.86
142,251.78,I/O-Intensive,Medium,25.1,14.05,VM16,290.93,54.95,5836.59,39.15
143,497.25,Compute-Intensive,High,15.82,1.33,VM16,514.4,18.95,428.21,17.15
144,300.88,Memory-Intensive,High,25.08,4.62,VM3,330.58,58.76,5265.11,29.7
145,284.84,Compute-Intensive,High,26.6,18.31,VM13,329.75,55.47,1554.46,44.91
146,36.89,I/O-Intensive,Low,28.57,12.33,VM14,77.79,73.36,4744.63,40.9
147,609.56,I/O-Intensive,High,22.62,4.93,VM8,637.11,88.94,4255.05,27.55
148,502.68,Memory-Intensive,Low,30.68,13.81,VM12,547.17,30.07,363.24,44.49
149,51.48,I/O-Intensive,Low,46.02,11.94,VM8,109.44,50.77,3135.7,57.96
150,278.65,Compute-Intensive,High,18.75,10.03,VM9,307.43,82.71,5026.26,28.78
151,908.27,I/O-Intensive,Low,36.56,19.52,VM1,964.35,72.82,6990.54,56.08
152,239.56,Compute-Intensive,High,44.83,13.67,VM6,298.06,48.99,7308.26,58.5
153,144.89,Compute-Intensive,Medium,23.34,7.51,VM19,175.74,85.63,4095.83,30.85
154,489.45,I/O-Intensive,Medium,22.73,16.0,VM11,528.18,14.58,6036.76,38.73
155,985.65,Memory-Intensive,Medium,30.5,17.69,VM11,1033.84,84.48,2767.38,48.19
156,242.06,I/O-Intensive,Medium,29.98,2.5,VM13,274.54,14.04,2971.59,32.48
157,672.14,Compute-Intensive,Low,40.52,4.01,VM11,716.67,53.78,1799.26,44.53
158,761.62,Compute-Intensive,High,24.35,4.32,VM18,790.29,81.24,4715.62,28.67
159,237.64,I/O-Intensive,High,49.81,13.82,VM15,301.27,31.02,2752.38,63.63
160,728.22,Memory-Intensive,High,3.91,12.06,VM1,744.19,47.78,925.57,15.97
161,367.78,Memory-Intensive,Medium,1.16,12.38,VM7,381.32,35.95,5692.21,13.54
162,632.31,Compute-Intensive,Medium,32.37,18.82,VM13,683.5,86.17,5872.73,51.19
163,633.53,Compute-Intensive,High,15.62,15.52,VM12,664.67,75.89,3112.9,31.14
164,535.77,Memory-Intensive,Medium,12.78,2.56,VM18,551.11,66.72,864.88,15.34
165,90.29,I/O-Intensive,High,16.28,6.95,VM19,113.52,57.01,3639.1,23.23
166,835.3,Compute-Intensive,High,13.55,8.71,VM15,857.56,75.65,3766.37,22.26
167,320.78,Compute-Intensive,High,2.51,7.92,VM8,331.21,41.38,5562.57,10.43
168,186.52,Memory-Intensive,High,48.61,13.39,VM19,248.52,45.8,2759.14,62.0
169,40.78,I/O-Intensive,High,11.82,17.84,VM10,70.44,68.4,5673.11,29.66
170,590.89,Memory-Intensive,High,36.97,6.12,VM7,633.98,38.62,7172.13,43.09
171,677.56,I/O-Intensive,High,38.37,11.04,VM18,726.97,15.11,2140.69,49.41
172,16.59,I/O-Intensive,Medium,46.53,15.79,VM16,78.91,15.95,8024.71,62.32
173,512.09,I/O-Intensive,High,2.5,8.32,VM20,522.91,19.23,3322.22,10.82
174,226.5,Compute-Intensive,High,43.73,3.36,VM6,273.59,79.57,2376.96,47.09
175,645.17,Memory-Intensive,Medium,26.83,9.5,VM9,681.5,47.78,3601.11,36.33
176,174.37,Memory-Intensive,Medium,31.99,1.1,VM13,207.46,67.03,1005.14,33.09
177,690.94,I/O-Intensive,Medium,32.58,18.85,VM8,742.37,41.43,1253.6,51.43
178,386.74,Compute-Intensive,High,41.17,1.5,VM16,429.41,30.7,3544.95,42.67
179,936.73,Compute-Intensive,Low,17.34,8.77,VM13,962.84,37.78,6306.76,26.11
180,137.52,Memory-Intensive,Low,36.92,10.6,VM13,185.04,73.53,7400.88,47.52
181,341.07,Compute-Intensive,Medium,26.9,19.71,VM17,387.68,60.02,5532.0,46.61
182,113.47,Compute-Intensive,Low,39.88,3.32,VM20,156.67,85.01,1091.02,43.2
183,924.69,I/O-Intensive,Medium,49.54,2.29,VM5,976.52,64.38,5589.15,51.83
184,877.34,Compute-Intensive,High,10.83,0.17,VM17,888.34,55.61,5298.76,11.0
185,257.94,I/O-Intensive,Low,49.74,3.11,VM9,310.79,58.82,6650.54,52.85
186,659.98,Memory-Intensive,High,5.4,4.15,VM2,669.53,85.39,6805.17,9.55
187,817.22,Compute-Intensive,Low,1.11,12.61,VM18,830.94,73.06,7146.06,13.72
188,555.2,Memory-Intensive,High,3.16,4.39,VM9,562.75,11.92,3542.55,7.55
189,529.65,Memory-Intensive,Low,17.75,0.41,VM6,547.81,52.73,5794.25,18.16
190,241.85,Compute-Intensive,High,32.01,16.53,VM11,290.39,65.07,2384.83,48.54
191,93.1,Compute-Intensive,High,4.38,7.31,VM6,104.79,69.9,8186.73,11.69
192,897.22,Memory-Intensive,Low,1.28,7.07,VM6,905.57,27.05,1647.45,8.35
193,900.42,Compute-Intensive,High,46.92,6.05,VM13,953.39,79.37,336.27,52.97
194,633.1,I/O-Intensive,High,41.27,19.51,VM11,693.88,86.47,1436.95,60.78
195,339.03,I/O-Intensive,High,40.65,3.4,VM14,383.08,28.94,6413.32,44.05
196,349.21,Compute-Intensive,Low,44.34,17.96,VM2,411.51,80.61,3801.68,62.3
197,725.96,Memory-Intensive,Low,35.3,15.54,VM8,776.8,17.76,3807.36,50.84
198,897.11,Compute-Intensive,High,6.12,1.53,VM3,904.76,14.46,7835.06,7.65
199,887.09,Compute-Intensive,High,20.56,19.73,VM3,927.38,20.34,7554.22,40.29
200,779.88,Memory-Intensive,Low,36.43,5.43,VM1,821.74,14.62,2725.64,41.86
201,642.03,Memory-Intensive,Low,14.74,1.97,VM19,658.74,77.6,1915.09,16.71
202,84.14,I/O-Intensive,High,34.68,16.59,VM18,135.41,14.72,6989.55,51.27
203,161.63,Memory-Intensive,High,2.2,14.13,VM17,177.96,31.73,7446.17,16.33
204,898.55,I/O-Intensive,High,16.0,12.34,VM20,926.89,18.3,4554.11,28.34
205,606.43,Memory-Intensive,Medium,27.91,3.12,VM13,637.46,33.63,5251.11,31.03
206,9.2,Compute-Intensive,Low,31.97,9.57,VM3,50.74,17.24,2294.87,41.54
207,101.47,I/O-Intensive,Medium,29.27,15.61,VM1,146.35,63.44,6611.17,44.88
208,663.5,I/O-Intensive,Low,35.19,6.07,VM4,704.76,20.67,5272.52,41.26
209,5.06,I/O-Intensive,Low,1.3,6.23,VM13,12.59,78.15,4251.88,7.53
210,160.81,Compute-Intensive,Low,5.95,0.06,VM17,166.82,75.38,733.02,6.01
211,548.73,Compute-Intensive,Low,43.58,3.48,VM11,595.79,11.09,7524.86,47.06
212,691.9,Compute-Intensive,Low,34.41,17.51,VM2,743.82,81.66,5140.22,51.92
213,651.96,Compute-Intensive,Low,6.53,8.83,VM16,667.32,12.32,1785.2,15.36
214,224.27,Compute-Intensive,Low,42.26,19.68,VM2,286.21,29.17,5068.28,61.94
215,712.18,I/O-Intensive,Medium,12.87,7.91,VM19,732.96,12.59,5632.35,20.78
216,237.25,Compute-Intensive,High,24.43,14.3,VM19,275.98,36.87,4428.51,38.73
217,325.4,I/O-Intensive,High,8.11,5.64,VM16,339.15,51.11,5954.86,13.75
218,746.49,Compute-Intensive,Medium,35.8,7.28,VM19,789.57,73.73,4870.42,43.08
219,649.63,Memory-Intensive,Medium,33.68,3.81,VM9,687.12,37.04,7777.5,37.49
220,849.22,I/O-Intensive,Medium,11.34,6.94,VM1,867.5,66.44,682.14,18.28
221,657.61,Memory-Intensive,Medium,43.31,10.94,VM10,711.86,25.0,1099.17,54.25
222,568.31,I/O-Intensive,Low,20.66,19.84,VM19,608.81,70.05,1634.26,40.5
223,93.67,Memory-Intensive,High,15.33,13.28,VM1,122.28,28.88,5733.2,28.61
224,367.72,Compute-Intensive,Low,8.46,3.98,VM2,380.16,21.48,5379.45,12.44
225,265.2,Compute-Intensive,High,14.04,0.9,VM16,280.14,24.83,7335.38,14.94
226,243.99,Compute-Intensive,High,2.08,2.53,VM12,248.6,24.57,6072.12,4.61
227,973.01,I/O-Intensive,Medium,29.58,11.25,VM8,1013.84,51.03,4290.31,40.83
228,393.1,Memory-Intensive,Low,42.27,15.3,VM18,450.67,77.58,8127.18,57.57
229,892.05,Compute-Intensive,Medium,27.9,18.81,VM2,938.76,16.37,2367.83,46.71
230,631.14,Memory-Intensive,Low,11.74,0.32,VM13,643.2,66.56,6868.21,12.06
231,794.81,Memory-Intensive,High,2.65,10.46,VM6,807.92,62.35,3643.01,13.11
232,502.64,Compute-Intensive,Medium,11.52,9.42,VM6,523.58,79.8,5404.36,20.94
233,576.9,Compute-Intensive,Medium,21.39,13.12,VM9,611.41,29.53,6027.6,34.51
234,492.52,Memory-Intensive,High,38.22,11.19,VM16,541.93,46.01,5285.47,49.41
235,195.24,Compute-Intensive,High,10.2,13.74,VM11,219.18,84.07,1371.07,23.94
236,722.45,Compute-Intensive,High,36.27,13.16,VM7,771.88,62.8,3771.26,49.43
237,280.77,Compute-Intensive,Medium,43.48,2.34,VM10,326.59,41.1,4711.57,45.82
238,24.32,I/O-Intensive,Low,23.24,15.99,VM10,63.55,20.51,6994.01,39.23
239,645.47,Memory-Intensive,Medium,41.25,2.46,VM20,689.18,31.0,3776.77,43.71
240,177.11,Memory-Intensive,Low,28.18,13.97,VM18,219.26,56.5,7547.18,42.15
241,940.46,I/O-Intensive,Medium,32.22,8.32,VM20,981.0,67.45,3750.81,40.54
242,953.93,Memory-Intensive,Medium,26.79,10.28,VM9,991.0,19.95,4611.12,37.07
243,914.86,Compute-Intensive,High,23.7,18.07,VM15,956.63,57.97,6575.32,41.77
244,370.16,Memory-Intensive,Low,12.5,17.8,VM4,400.46,54.03,4883.23,30.3
245,15.46,Compute-Intensive,Medium,15.86,16.36,VM8,47.68,51.12,7876.29,32.22
246,928.32,I/O-Intensive,Medium,15.21,10.2,VM9,953.73,65.21,5496.43,25.41
247,428.18,Compute-Intensive,High,28.6,14.72,VM13,471.5,77.0,4404.22,43.32
248,966.65,Memory-Intensive,High,6.88,10.26,VM9,983.79,35.84,443.23,17.14
249,963.62,Memory-Intensive,Low,45.92,17.39,VM4,1026.93,81.12,3539.38,63.31
250,853.01,Memory-Intensive,Medium,36.31,8.06,VM17,897.38,22.85,2630.84,44.37
251,294.45,I/O-Intensive,Low,20.67,19.4,VM16,334.52,23.84,6192.97,40.07
252,385.1,I/O-Intensive,Medium,8.77,18.65,VM15,412.52,31.34,1908.89,27.42
253,851.14,Memory-Intensive,Low,44.22,14.83,VM3,910.19,19.56,1884.63,59.05
254,316.92,Compute-Intensive,High,41.37,5.59,VM20,363.88,28.43,1760.02,46.96
255,169.49,I/O-Intensive,Medium,36.36,2.63,VM5,208.48,18.51,1252.89,38.99
256,556.8,Memory-Intensive,Low,14.31,17.09,VM5,588.2,75.74,2724.15,31.4
257,936.15,Memory-Intensive,High,20.72,3.31,VM20,960.18,21.12,7286.68,24.03
258,696.03,I/O-Intensive,High,6.03,17.09,VM15,719.15,69.78,6405.83,23.12
259,570.06,I/O-Intensive,Low,10.26,9.82,VM18,590.14,13.83,6090.95,20.08
260,97.18,I/O-Intensive,Medium,39.37,8.13,VM15,144.68,85.88,6583.66,47.5
261,615.01,Compute-Intensive,Medium,36.04,18.06,VM2,669.11,66.89,2394.1,54.1
262,990.05,Compute-Intensive,High,30.08,12.08,VM13,1032.21,10.54,7298.74,42.16
263,140.08,Memory-Intensive,Medium,44.89,11.53,VM4,196.5,71.11,1345.64,56.42
264,518.33,I/O-Intensive,Medium,29.58,11.18,VM10,559.09,51.13,2925.24,40.76
265,877.37,Compute-Intensive,Medium,23.88,7.42,VM13,908.67,72.35,4912.43,31.3
266,740.77,I/O-Intensive,High,17.68,15.71,VM10,774.16,51.8,1072.65,33.39
267,697.02,Memory-Intensive,Low,47.08,5.06,VM9,749.16,61.28,6050.31,52.14
268,702.48,Compute-Intensive,Medium,5.05,18.78,VM8,726.31,72.91,3329.18,23.83
269,359.49,Compute-Intensive,High,46.61,17.88,VM3,423.98,42.41,6481.04,64.49
270,293.59,Compute-Intensive,High,41.51,6.75,VM16,341.85,10.22,4167.62,48.26
271,809.36,Memory-Intensive,Low,7.37,14.59,VM14,831.32,78.0,1691.42,21.96
272,810.11,I/O-Intensive,Medium,28.68,11.46,VM9,850.25,40.47,6087.07,40.14
273,867.07,Compute-Intensive,Medium,43.46,6.75,VM11,917.28,49.68,2257.01,50.21
274,913.24,Memory-Intensive,Low,29.02,19.77,VM3,962.03,10.62,4151.07,48.79
275,511.34,I/O-Intensive,Low,45.45,0.5,VM5,557.29,49.37,855.43,45.95
276,501.52,Memory-Intensive,High,47.21,5.05,VM10,553.78,88.92,5159.39,52.26
277,798.3,I/O-Intensive,High,21.7,10.4,VM13,830.4,32.26,5540.25,32.1
278,649.96,Memory-Intensive,Low,19.49,10.44,VM4,679.89,41.63,3261.16,29.93
279,701.97,I/O-Intensive,Medium,46.88,11.78,VM13,760.63,64.98,7830.3,58.66
280,795.79,Compute-Intensive,High,34.08,15.03,VM12,844.9,75.18,7193.4,49.11
281,890.01,I/O-Intensive,High,6.69,12.47,VM5,909.17,43.39,5874.22,19.16
282,338.0,Memory-Intensive,Medium,3.07,12.01,VM10,353.08,34.77,5919.54,15.08
283,375.58,Memory-Intensive,High,28.67,1.07,VM9,405.32,85.03,2259.06,29.74
284,93.98,I/O-Intensive,Medium,46.58,7.53,VM20,148.09,64.17,5468.49,54.11
285,578.28,Compute-Intensive,Medium,42.37,4.64,VM7,625.29,19.52,1828.96,47.01
286,35.94,Compute-Intensive,Medium,34.12,5.31,VM2,75.37,15.51,1398.81,39.43
287,465.6,I/O-Intensive,Low,7.82,11.09,VM7,484.51,48.68,8187.78,18.91
288,542.64,I/O-Intensive,Low,13.46,3.99,VM8,560.09,27.61,5195.18,17.45
289,286.54,Memory-Intensive,Low,43.9,5.88,VM7,336.32,30.32,3676.32,49.78
290,590.83,Compute-Intensive,Medium,9.96,4.74,VM14,605.53,80.22,2542.87,14.7
291,30.5,I/O-Intensive,Medium,14.64,18.97,VM19,64.11,17.17,5048.71,33.61
292,37.35,Compute-Intensive,Low,7.35,18.89,VM5,63.59,67.23,649.57,26.24
293,822.6,I/O-Intensive,High,34.13,12.2,VM18,868.93,31.69,1007.39,46.33
294,360.19,I/O-Intensive,Medium,47.26,18.49,VM20,425.94,70.83,516.75,65.75
295,127.06,Compute-Intensive,High,14.18,15.72,VM12,156.96,67.79,4217.41,29.9
296,522.24,I/O-Intensive,High,24.29,11.8,VM17,558.33,10.59,5022.41,36.09
297,769.99,I/O-Intensive,Medium,32.08,0.13,VM13,802.2,50.73,751.84,32.21
298,215.82,Memory-Intensive,Medium,49.97,15.45,VM2,281.24,21.15,5979.64,65.42
299,622.89,I/O-Intensive,High,6.14,14.05,VM13,643.08,79.3,2084.42,20.19
300,85.35,I/O-Intensive,High,25.43,12.31,VM7,123.09,79.73,5693.76,37.74
301,51.68,I/O-Intensive,Low,19.87,15.21,VM10,86.76,43.47,8048.34,35.08
302,531.35,Memory-Intensive,Low,43.43,10.26,VM6,585.04,45.55,5740.62,53.69
303,540.64,Compute-Intensive,Medium,24.32,14.08,VM3,579.04,34.26,7265.02,38.4
304,637.43,Memory-Intensive,Low,6.44,18.7,VM3,662.57,67.33,7780.9,25.14
305,726.09,Memory-Intensive,Low,32.09,7.52,VM18,765.7,38.69,4118.86,39.61
306,975.85,Compute-Intensive,Low,38.77,14.16,VM11,1028.78,31.42,5829.65,52.93
307,516.3,Memory-Intensive,Low,1.14,9.51,VM20,526.95,44.58,7017.23,10.65
308,322.96,Compute-Intensive,High,43.09,13.49,VM5,379.54,17.32,3086.05,56.58
309,795.19,Memory-Intensive,Medium,10.12,15.26,VM19,820.57,69.73,2330.45,25.38
310,270.83,Compute-Intensive,Low,28.05,0.91,VM19,299.79,11.01,7768.21,28.96
311,438.97,I/O-Intensive,High,21.37,12.93,VM15,473.27,61.56,6019.94,34.3
312,78.46,Memory-Intensive,High,36.26,4.53,VM16,119.25,24.63,1999.4,40.79
313,25.35,Memory-Intensive,High,19.19,13.4,VM9,57.94,28.59,3819.93,32.59
314,962.65,Memory-Intensive,Low,43.62,9.37,VM4,1015.64,60.85,6576.64,52.99
315,835.98,Memory-Intensive,Low,36.79,15.47,VM15,888.24,89.44,4597.49,52.26
316,695.97,I/O-Intensive,Medium,32.74,2.47,VM12,731.18,72.22,5414.02,35.21
317,408.95,Memory-Intensive,Low,40.02,12.53,VM3,461.5,28.07,6237.9,52.55
318,173.29,I/O-Intensive,Low,37.95,5.57,VM14,216.81,24.08,5192.26,43.52
319,156.44,I/O-Intensive,High,2.76,17.06,VM17,176.26,79.3,4542.07,19.82
320,250.24,I/O-Intensive,Medium,20.34,18.57,VM19,289.15,45.53,6204.94,38.91
321,549.23,I/O-Intensive,Low,46.61,19.93,VM6,615.77,20.96,6029.94,66.54
322,714.6,Compute-Intensive,Low,7.16,15.92,VM4,737.68,78.98,5254.67,23.08
323,660.2,Compute-Intensive,High,37.12,15.07,VM7,712.39,75.29,3111.29,52.19
324,279.93,Memory-Intensive,High,48.75,4.31,VM19,332.99,88.71,3476.52,53.06
325,954.87,Compute-Intensive,Low,3.56,6.72,VM17,965.15,82.78,7957.4,10.28
326,737.9,Compute-Intensive,Medium,34.43,9.31,VM16,781.64,78.14,1147.89,43.74
327,554.35,Memory-Intensive,Medium,23.94,15.47,VM15,593.76,14.21,2386.86,39.41
328,611.72,Memory-Intensive,High,29.38,18.3,VM8,659.4,18.35,4163.7,47.68
329,419.6,Memory-Intensive,High,5.18,3.78,VM19,428.56,55.52,6896.29,8.96
330,247.73,Compute-Intensive,Low,3.11,18.45,VM8,269.29,52.52,1554.93,21.56
331,355.97,Compute-Intensive,High,33.68,13.91,VM18,403.56,46.64,2453.91,47.59
332,757.85,Memory-Intensive,Low,41.34,12.22,VM16,811.41,41.74,778.17,53.56
333,14.39,I/O-Intensive,Medium,39.32,4.0,VM20,57.71,44.5,5858.7,43.32
334,116.07,Memory-Intensive,Medium,27.65,1.11,VM19,144.83,55.54,2146.43,28.76
335,46.0,I/O-Intensive,Low,5.89,11.37,VM10,63.26,10.17,3340.52,17.26
336,40.73,I/O-Intensive,High,34.71,13.03,VM17,88.47,30.86,3777.21,47.74
337,855.46,Memory-Intensive,Medium,12.85,4.22,VM13,872.53,51.46,7329.47,17.07
338,703.66,Memory-Intensive,High,45.64,11.13,VM13,760.43,67.78,3520.32,56.77
339,474.17,Memory-Intensive,Medium,42.08,17.13,VM7,533.38,23.93,1408.51,59.21
340,97.83,Compute-Intensive,Low,35.76,16.7,VM10,150.29,53.75,4416.96,52.46
341,491.62,I/O-Intensive,Low,47.49,18.55,VM2,557.66,67.16,7898.03,66.04
342,473.47,Compute-Intensive,Low,2.54,7.32,VM4,483.33,45.57,5078.59,9.86
343,173.2,Compute-Intensive,Medium,37.07,6.36,VM6,216.63,12.17,8060.16,43.43
344,433.85,Memory-Intensive,High,17.18,14.99,VM18,466.02,45.94,6931.03,32.17
345,398.5,Compute-Intensive,High,45.4,8.62,VM6,452.52,33.72,541.42,54.02
346,615.85,Memory-Intensive,High,14.07,1.75,VM17,631.67,84.37,5481.06,15.82
347,635.09,I/O-Intensive,Medium,36.52,5.66,VM14,677.27,19.97,2531.78,42.18
348,45.3,Memory-Intensive,Medium,44.0,8.37,VM11,97.67,62.2,4697.12,52.37
349,374.61,Compute-Intensive,Medium,3.04,5.85,VM19,383.5,14.22,2472.88,8.89
350,625.86,Compute-Intensive,Medium,20.48,6.64,VM2,652.98,45.69,3024.64,27.12
351,503.14,Memory-Intensive,Medium,38.35,5.88,VM3,547.37,54.32,7582.27,44.23
352,856.49,Memory-Intensive,High,23.29,0.83,VM11,880.61,33.84,1895.92,24.12
353,658.69,Compute-Intensive,Medium,14.1,12.74,VM6,685.53,46.41,7192.93,26.84
354,162.93,I/O-Intensive,Medium,11.77,11.95,VM14,186.65,23.08,497.71,23.72
355,70.57,I/O-Intensive,High,7.44,13.07,VM19,91.08,34.33,977.2,20.51
356,642.42,Memory-Intensive,Medium,43.0,3.85,VM16,689.27,59.69,7038.7,46.85
357,26.51,I/O-Intensive,High,29.19,5.91,VM7,61.61,34.14,5260.09,35.1
358,585.78,Compute-Intensive,High,4.74,12.39,VM8,602.91,81.98,6186.07,17.13
359,940.23,Memory-Intensive,Low,19.75,11.99,VM19,971.97,60.27,1917.94,31.74
360,575.47,Compute-Intensive,Low,19.02,10.13,VM20,604.62,45.09,4518.29,29.15
361,388.17,Compute-Intensive,Low,9.91,7.01,VM16,405.09,13.1,6106.57,16.92
362,643.29,I/O-Intensive,Low,22.34,18.26,VM7,683.89,49.96,5234.36,40.6
363,458.25,Memory-Intensive,Medium,17.27,6.8,VM9,482.32,71.18,3999.4,24.07
364,545.62,Memory-Intensive,Low,17.75,9.11,VM13,572.48,31.24,7872.84,26.86
365,941.46,I/O-Intensive,High,37.21,13.56,VM1,992.23,74.54,5621.98,50.77
366,386.1,Compute-Intensive,Medium,11.94,10.86,VM8,408.9,30.14,7459.91,22.8
367,961.19,Compute-Intensive,Low,32.45,6.94,VM4,1000.58,75.9,6047.46,39.39
368,905.35,Compute-Intensive,High,28.96,8.71,VM3,943.02,16.82,6092.64,37.67
369,195.79,Compute-Intensive,Medium,28.84,15.89,VM3,240.52,79.29,891.02,44.73
370,69.36,Memory-Intensive,Medium,33.49,5.56,VM13,108.41,49.93,3108.71,39.05
371,100.78,Memory-Intensive,Low,27.87,2.85,VM8,131.5,33.72,7068.02,30.72
372,18.22,I/O-Intensive,Medium,44.08,6.26,VM7,68.56,31.21,2101.94,50.34
373,94.44,I/O-Intensive,High,34.1,16.99,VM1,145.53,44.56,1172.65,51.09
374,683.01,Memory-Intensive,Medium,27.8,1.78,VM16,712.59,89.92,2843.98,29.58
375,71.19,Memory-Intensive,High,41.66,19.83,VM6,132.68,27.63,2005.4,61.49
376,318.98,Compute-Intensive,Medium,30.7,10.82,VM7,360.5,18.26,7599.09,41.52
377,844.88,Compute-Intensive,Low,15.27,19.7,VM12,879.85,56.8,7144.18,34.97
378,23.27,I/O-Intensive,High,11.15,18.78,VM9,53.2,49.08,4221.49,29.93
379,814.47,Memory-Intensive,Medium,8.46,9.06,VM11,831.99,51.94,742.82,17.52
380,281.85,I/O-Intensive,Medium,45.07,3.97,VM10,330.89,63.35,5926.77,49.04
381,118.16,Memory-Intensive,Medium,35.8,3.3,VM1,157.26,31.37,5203.4,39.1
382,696.74,Compute-Intensive,High,46.93,4.8,VM18,748.47,82.85,7958.32,51.73
383,628.94,I/O-Intensive,High,30.56,14.2,VM4,673.7,44.85,4691.85,44.76
384,877.47,I/O-Intensive,High,24.2,5.46,VM5,907.13,20.33,2925.62,29.66
385,735.07,Memory-Intensive,Low,3.93,6.83,VM9,745.83,69.38,4374.96,10.76
386,803.48,Compute-Intensive,Low,33.91,8.98,VM17,846.37,61.45,8027.43,42.89
387,282.03,I/O-Intensive,High,29.53,18.26,VM3,329.82,35.26,5782.33,47.79
388,177.44,Compute-Intensive,Medium,49.52,3.79,VM16,230.75,59.72,5588.8,53.31
389,750.61,I/O-Intensive,Low,12.72,0.1,VM5,763.43,27.59,2166.05,12.82
390,806.83,Compute-Intensive,High,27.01,1.2,VM16,835.04,45.59,6157.23,28.21
391,990.51,Memory-Intensive,Medium,32.9,18.1,VM3,1041.51,81.95,6210.16,51.0
392,412.62,I/O-Intensive,Low,32.58,12.95,VM20,458.15,20.68,2774.01,45.53
393,372.02,I/O-Intensive,Medium,28.5,5.46,VM15,405.98,40.94,4094.75,33.96
394,776.41,Compute-Intensive,Medium,39.07,3.54,VM3,819.02,75.69,2593.97,42.61
395,340.8,Compute-Intensive,Medium,11.04,5.89,VM20,357.73,87.56,2309.08,16.93
396,930.76,I/O-Intensive,Medium,36.56,2.3,VM14,969.62,46.31,461.51,38.86
397,858.41,Memory-Intensive,Low,31.37,18.83,VM16,908.61,50.56,2519.44,50.2
398,428.99,Compute-Intensive,Low,44.91,15.68,VM17,489.58,55.77,4652.31,60.59
399,750.87,Compute-Intensive,Low,42.51,9.25,VM20,802.63,84.59,268.71,51.76
400,754.54,Compute-Intensive,High,16.44,17.3,VM18,788.28,78.66,2503.63,33.74
401,103.12,I/O-Intensive,Low,14.54,4.99,VM18,122.65,23.65,7250.87,19.53
402,902.55,I/O-Intensive,Medium,49.1,14.34,VM14,965.99,44.94,4967.2,63.44
403,505.25,I/O-Intensive,Low,26.84,17.12,VM18,549.21,47.12,5080.0,43.96
404,826.46,I/O-Intensive,Medium,45.41,7.14,VM15,879.01,73.13,3457.1,52.55
405,320.05,Memory-Intensive,High,9.03,15.15,VM15,344.23,58.23,5624.48,24.18
406,895.52,Memory-Intensive,Medium,32.5,5.9,VM6,933.92,62.34,1763.31,38.4
407,389.2,I/O-Intensive,Medium,40.68,5.98,VM15,435.86,89.86,6753.57,46.66
408,10.84,Memory-Intensive,Medium,47.42,2.14,VM18,60.4,16.0,1182.04,49.56
409,905.38,Compute-Intensive,High,17.53,8.8,VM4,931.71,27.84,5462.03,26.33
410,91.29,Compute-Intensive,Low,36.52,14.59,VM8,142.4,42.63,2963.36,51.11
411,319.31,Compute-Intensive,Low,27.4,18.8,VM15,365.51,37.82,6188.26,46.2
412,950.06,I/O-Intensive,High,3.97,12.08,VM3,966.11,11.73,4618.93,16.05
413,950.61,Compute-Intensive,Medium,34.81,17.26,VM15,1002.68,17.34,3845.87,52.07
414,573.44,Memory-Intensive,Low,34.81,16.45,VM13,624.7,64.48,1600.54,51.26
415,631.84,I/O-Intensive,High,46.6,3.47,VM9,681.91,80.35,5309.82,50.07
416,448.45,Memory-Intensive,Low,25.37,9.72,VM2,483.54,51.14,7991.77,35.09
417,293.21,Compute-Intensive,High,12.28,2.34,VM8,307.83,53.14,6807.99,14.62
418,328.66,Compute-Intensive,Medium,3.18,13.64,VM20,345.48,30.41,732.23,16.82
419,672.52,Compute-Intensive,Low,21.37,19.0,VM17,712.89,71.43,3241.76,40.37
420,752.37,I/O-Intensive,High,15.79,2.74,VM13,770.9,70.14,7601.43,18.53
421,791.58,Memory-Intensive,Low,38.29,14.68,VM1,844.55,57.07,4248.16,52.97
422,789.62,I/O-Intensive,Low,18.36,12.64,VM2,820.62,27.01,5510.52,31.0
423,91.21,I/O-Intensive,Low,47.5,11.67,VM15,150.38,17.76,7498.39,59.17
424,494.42,Compute-Intensive,Low,48.15,7.8,VM12,550.37,15.14,7190.43,55.95
425,57.56,I/O-Intensive,High,31.42,7.1,VM14,96.08,57.42,4238.45,38.52
426,549.53,I/O-Intensive,Medium,46.5,0.9,VM2,596.93,76.0,3729.16,47.4
427,441.53,Compute-Intensive,High,38.28,4.36,VM18,484.17,78.67,2951.8,42.64
428,887.7,I/O-Intensive,High,27.8,0.3,VM7,915.8,47.09,5962.14,28.1
429,350.92,Compute-Intensive,High,9.84,11.63,VM6,372.39,72.74,2533.53,21.47
430,117.07,Compute-Intensive,Medium,23.47,2.12,VM14,142.66,85.75,2239.11,25.59
431,142.99,Compute-Intensive,Low,28.48,17.46,VM8,188.93,32.01,3083.2,45.94
432,761.51,Compute-Intensive,Low,43.33,10.46,VM2,815.3,41.84,1662.38,53.79
433,618.22,I/O-Intensive,Low,24.59,13.99,VM17,656.8,84.52,5772.47,38.58
434,101.12,Compute-Intensive,Medium,44.99,8.22,VM5,154.33,37.06,5146.49,53.21
435,84.11,Compute-Intensive,Low,34.04,11.21,VM14,129.36,83.11,4088.12,45.25
436,700.97,I/O-Intensive,Medium,7.71,18.85,VM20,727.53,88.48,3353.63,26.56
437,72.76,I/O-Intensive,Low,49.75,1.65,VM3,124.16,62.94,7470.32,51.4
438,821.86,Memory-Intensive,Low,26.83,5.08,VM5,853.77,75.35,487.13,31.91
439,706.24,I/O-Intensive,High,20.2,15.6,VM16,742.04,69.96,6359.64,35.8
440,81.35,I/O-Intensive,Medium,33.3,1.97,VM18,116.62,65.96,7413.55,35.27
441,84.84,Memory-Intensive,High,6.34,1.51,VM17,92.69,34.55,3798.27,7.85
442,986.64,I/O-Intensive,High,32.19,7.23,VM11,1026.06,14.57,4626.28,39.42
443,374.27,I/O-Intensive,High,25.41,1.84,VM17,401.52,37.44,7751.26,27.25
444,370.64,I/O-Intensive,Medium,20.93,11.7,VM16,403.27,63.35,1940.63,32.63
445,812.8,I/O-Intensive,Medium,47.7,4.53,VM2,865.03,18.2,4383.79,52.23
446,947.25,Memory-Intensive,Low,26.6,17.91,VM4,991.76,10.95,4023.39,44.51
447,986.0,I/O-Intensive,High,11.74,15.67,VM7,1013.41,21.18,2306.6,27.41
448,753.38,I/O-Intensive,Low,23.49,13.99,VM2,790.86,67.26,6752.36,37.48
449,376.26,Memory-Intensive,High,46.05,12.34,VM6,434.65,87.82,7395.23,58.39
450,83.5,Compute-Intensive,Medium,9.63,17.27,VM17,110.4,88.65,6461.42,26.9
451,777.15,Memory-Intensive,Medium,11.48,4.46,VM7,793.09,49.52,1806.37,15.94
452,558.4,Compute-Intensive,Medium,1.64,17.46,VM5,577.5,79.55,944.44,19.1
453,424.22,Memory-Intensive,High,1.7,15.79,VM5,441.71,68.95,5060.81,17.49
454,906.35,Memory-Intensive,Medium,41.64,14.96,VM20,962.95,50.08,709.1,56.6
455,111.2,I/O-Intensive,High,36.87,11.23,VM16,159.3,55.82,5595.55,48.1
456,492.63,Compute-Intensive,Low,18.4,4.92,VM19,515.95,20.98,4465.45,23.32
457,11.35,I/O-Intensive,High,35.22,8.47,VM9,55.04,85.01,5515.87,43.69
458,468.66,Compute-Intensive,Low,20.37,15.87,VM5,504.9,38.15,4939.6,36.24
459,56.3,Memory-Intensive,High,47.69,0.64,VM8,104.63,45.69,3610.57,48.33
460,118.82,Memory-Intensive,Low,48.39,15.64,VM9,182.85,63.73,1850.16,64.03
461,117.53,Compute-Intensive,Medium,20.25,4.8,VM5,142.58,36.71,2682.05,25.05
462,649.21,I/O-Intensive,Low,42.86,2.89,VM10,694.96,30.34,4418.44,45.75
463,746.04,I/O-Intensive,Medium,38.88,2.31,VM2,787.23,60.48,5429.23,41.19
464,583.37,I/O-Intensive,Medium,16.19,0.55,VM9,600.11,12.0,6441.98,16.74
465,962.17,I/O-Intensive,Low,12.37,10.47,VM11,985.01,67.66,6344.27,22.84
466,374.87,Memory-Intensive,High,23.45,4.37,VM4,402.69,51.12,7975.26,27.82
467,285.71,Memory-Intensive,High,39.29,19.79,VM2,344.79,58.46,2524.44,59.08
468,868.6,Memory-Intensive,High,48.05,11.49,VM6,928.14,60.55,820.33,59.54
469,223.6,Memory-Intensive,High,38.42,2.76,VM14,264.78,52.16,2999.13,41.18
470,963.22,Memory-Intensive,High,42.91,13.78,VM1,1019.91,56.6,6154.78,56.69
471,12.15,I/O-Intensive,Medium,30.55,17.95,VM18,60.65,64.7,3732.85,48.5
472,969.88,I/O-Intensive,High,41.93,14.9,VM7,1026.71,70.25,6745.97,56.83
473,43.16,I/O-Intensive,Medium,39.44,1.53,VM1,84.13,68.2,4615.45,40.97
474,891.14,I/O-Intensive,Medium,19.47,17.92,VM1,928.53,79.57,7634.83,37.39
475,527.7,Memory-Intensive,Medium,28.05,15.88,VM1,571.63,25.16,7778.24,43.93
476,992.96,Memory-Intensive,Low,40.43,3.17,VM4,1036.56,42.09,806.0,43.6
477,73.8,Memory-Intensive,Low,3.26,1.04,VM4,78.1,85.82,3878.1,4.3
478,553.85,Compute-Intensive,Medium,40.6,11.15,VM18,605.6,41.73,5094.49,51.75
479,969.3,I/O-Intensive,Low,9.72,3.12,VM11,982.14,19.99,2286.6,12.84
480,523.1,I/O-Intensive,High,26.22,16.69,VM1,566.01,52.04,3486.56,42.91
481,629.4,Memory-Intensive,High,40.61,7.17,VM10,677.18,18.76,5634.08,47.78
482,695.75,I/O-Intensive,Medium,13.44,18.26,VM9,727.45,26.23,2055.36,31.7
483,454.54,I/O-Intensive,High,13.04,11.31,VM4,478.89,89.87,5033.32,24.35
484,627.56,Memory-Intensive,Medium,20.74,3.65,VM6,651.95,53.31,5790.95,24.39
485,584.31,Compute-Intensive,Medium,44.84,2.79,VM16,631.94,32.72,974.18,47.63
486,901.16,Compute-Intensive,High,1.02,11.53,VM2,913.71,89.58,4204.39,12.55
487,45.45,Compute-Intensive,Low,45.17,15.24,VM18,105.86,87.32,2343.8,60.41
488,280.96,Memory-Intensive,High,8.54,15.63,VM10,305.13,45.26,6004.73,24.17
489,950.41,I/O-Intensive,High,49.51,5.52,VM17,1005.44,30.83,1760.31,55.03
490,890.26,Memory-Intensive,Medium,47.79,4.08,VM13,942.13,77.07,7336.8,51.87
491,455.66,Memory-Intensive,Medium,25.24,0.34,VM18,481.24,67.25,3675.95,25.58
492,620.13,I/O-Intensive,Medium,26.12,13.58,VM13,659.83,64.96,1827.35,39.7
493,277.38,Compute-Intensive,Medium,24.6,1.53,VM17,303.51,81.45,3732.14,26.13
494,188.12,Compute-Intensive,Low,32.14,8.42,VM5,228.68,65.15,3499.79,40.56
495,463.7,Memory-Intensive,Low,5.45,12.03,VM11,481.18,32.7,3659.9,17.48
496,353.35,Compute-Intensive,Low,2.6,18.74,VM7,374.69,65.51,4903.01,21.34
497,583.66,Memory-Intensive,Medium,3.83,6.24,VM10,593.73,34.47,4392.03,10.07
498,77.73,Memory-Intensive,Medium,22.77,5.0,VM17,105.5,70.74,1444.63,27.77
499,974.39,I/O-Intensive,Medium,14.5,13.08,VM15,1001.97,59.58,776.44,27.58
500,986.21,I/O-Intensive,Low,31.48,12.38,VM18,1030.07,16.19,6044.64,43.86
501,698.16,I/O-Intensive,Medium,49.63,6.64,VM19,754.43,51.03,4697.92,56.27
502,536.1,Memory-Intensive,High,19.93,18.56,VM2,574.59,37.46,3105.03,38.49
503,309.53,I/O-Intensive,High,29.12,16.9,VM4,355.55,36.29,6671.13,46.02
504,813.8,Compute-Intensive,Medium,21.36,4.48,VM3,839.64,58.18,3335.63,25.84
505,684.73,Compute-Intensive,High,42.52,4.78,VM7,732.03,35.79,6572.78,47.3
506,162.62,Memory-Intensive,High,45.21,10.25,VM18,218.08,72.15,2682.48,55.46
507,910.93,Memory-Intensive,Low,43.99,15.47,VM10,970.39,15.66,834.1,59.46
508,822.54,I/O-Intensive,Medium,48.74,0.88,VM7,872.16,62.83,7657.43,49.62
509,949.8,Memory-Intensive,Medium,2.35,13.87,VM8,966.02,74.74,3387.16,16.22
510,725.72,Memory-Intensive,Low,42.15,12.96,VM6,780.83,63.83,6546.81,55.11
511,613.42,Compute-Intensive,High,37.84,4.63,VM1,655.89,49.78,2471.29,42.47
512,418.24,Compute-Intensive,High,12.21,13.63,VM4,444.08,86.02,5385.55,25.84
513,932.73,I/O-Intensive,Medium,47.86,18.8,VM14,999.39,34.0,7186.6,66.66
514,866.06,Memory-Intensive,High,8.26,0.94,VM17,875.26,11.53,586.49,9.2
515,45.22,Memory-Intensive,Low,34.3,6.39,VM20,85.91,44.56,6847.93,40.69
516,26.37,Compute-Intensive,Low,12.02,8.76,VM18,47.15,12.64,4790.1,20.78
517,376.46,Memory-Intensive,Medium,22.14,17.99,VM11,416.59,86.31,5076.9,40.13
518,810.55,Compute-Intensive,Low,36.24,19.25,VM14,866.04,26.79,4407.78,55.49
519,987.28,I/O-Intensive,Low,28.6,8.88,VM9,1024.76,73.11,7195.83,37.48
520,150.42,Compute-Intensive,Medium,21.95,15.0,VM15,187.37,71.97,600.69,36.95
521,594.13,Memory-Intensive,Low,16.99,10.63,VM12,621.75,27.42,2327.52,27.62
522,380.89,I/O-Intensive,Low,42.14,10.76,VM10,433.79,59.7,7206.05,52.9
523,969.91,Compute-Intensive,Low,8.05,5.56,VM19,983.52,13.85,6226.62,13.61
524,842.12,Compute-Intensive,High,22.08,4.34,VM19,868.54,48.69,396.03,26.42
525,838.33,I/O-Intensive,Medium,45.28,5.76,VM6,889.37,11.17,4358.96,51.04
526,468.69,I/O-Intensive,Medium,42.45,11.13,VM20,522.27,83.69,4458.69,53.58
527,414.82,Compute-Intensive,Medium,20.65,0.58,VM6,436.05,88.09,3437.4,21.23
528,273.41,Memory-Intensive,High,38.39,18.14,VM8,329.94,27.78,2616.11,56.53
529,56.38,Compute-Intensive,High,41.33,3.13,VM1,100.84,26.65,5666.17,44.46
530,864.72,I/O-Intensive,Medium,44.56,4.4,VM17,913.68,70.3,1905.03,48.96
531,812.9,Compute-Intensive,High,27.68,10.37,VM17,850.95,30.27,6596.46,38.05
532,999.72,I/O-Intensive,Medium,11.02,14.2,VM15,1024.94,81.61,6628.9,25.22
533,996.64,I/O-Intensive,High,13.51,1.91,VM7,1012.06,55.91,3551.51,15.42
534,555.43,Memory-Intensive,Low,15.49,6.35,VM19,577.27,38.06,2506.24,21.84
535,768.99,I/O-Intensive,Low,30.1,19.37,VM3,818.46,76.62,2508.86,49.47
536,944.77,I/O-Intensive,Medium,2.61,5.25,VM11,952.63,49.47,4083.46,7.86
537,849.65,Memory-Intensive,High,32.17,6.26,VM20,888.08,82.93,5966.58,38.43
538,247.35,I/O-Intensive,High,18.85,16.73,VM19,282.93,84.24,3103.98,35.58
539,450.54,Memory-Intensive,Low,15.47,1.0,VM9,467.01,23.23,5097.3,16.47
540,129.16,Memory-Intensive,Low,44.1,9.29,VM10,182.55,10.19,3291.4,53.39
541,954.05,I/O-Intensive,High,23.54,7.59,VM2,985.18,88.71,2672.7,31.13
542,606.17,I/O-Intensive,High,5.66,6.33,VM1,618.16,82.49,453.29,11.99
543,228.64,Compute-Intensive,High,41.51,5.71,VM16,275.86,14.44,287.06,47.22
544,671.7,Memory-Intensive,High,3.33,1.83,VM18,676.86,76.64,2059.12,5.16
545,618.13,Compute-Intensive,High,36.61,6.3,VM17,661.04,46.62,3481.24,42.91
546,358.16,I/O-Intensive,High,38.92,0.86,VM6,397.94,30.72,7011.61,39.78
547,113.56,Compute-Intensive,Medium,18.28,15.62,VM14,147.46,80.3,6592.77,33.9
548,671.57,Memory-Intensive,High,41.41,7.96,VM15,720.94,25.73,2376.22,49.37
549,520.31,Compute-Intensive,Low,26.27,8.88,VM14,555.46,85.78,2196.67,35.15
550,772.32,Memory-Intensive,Medium,23.7,17.87,VM3,813.89,26.45,2060.03,41.57
551,520.16,I/O-Intensive,High,3.22,13.16,VM19,536.54,59.09,2948.19,16.38
552,852.18,I/O-Intensive,Low,15.21,0.16,VM12,867.55,27.85,4209.71,15.37
553,551.91,Memory-Intensive,Medium,46.62,18.86,VM2,617.39,53.65,3737.27,65.48
554,560.94,I/O-Intensive,Low,20.2,4.74,VM3,585.88,64.72,1988.22,24.94
555,876.65,I/O-Intensive,High,27.79,2.15,VM18,906.59,25.22,1291.26,29.94
556,403.48,I/O-Intensive,High,27.07,15.36,VM1,445.91,51.67,355.82,42.43
557,134.02,I/O-Intensive,High,29.93,10.01,VM20,173.96,47.52,1477.85,39.94
558,28.78,Memory-Intensive,High,4.01,8.68,VM6,41.47,15.68,5853.71,12.69
559,755.14,Compute-Intensive,Medium,18.75,4.99,VM5,778.88,75.46,2189.52,23.74
560,620.31,Compute-Intensive,Medium,36.43,10.95,VM1,667.69,36.85,3974.82,47.38
561,704.08,I/O-Intensive,Low,10.83,5.49,VM19,720.4,55.97,4948.57,16.32
562,212.96,Compute-Intensive,High,10.98,18.03,VM1,241.97,51.18,7293.97,29.01
563,136.37,Compute-Intensive,Low,1.49,4.3,VM16,142.16,51.06,7309.95,5.79
564,14.54,I/O-Intensive,Medium,22.44,17.69,VM12,54.67,18.58,6174.14,40.13
565,350.59,I/O-Intensive,High,44.25,11.19,VM8,406.03,43.88,535.01,55.44
566,589.92,Compute-Intensive,High,3.54,16.57,VM16,610.03,46.19,4819.76,20.11
567,392.24,Memory-Intensive,Medium,10.36,14.26,VM1,416.86,68.69,6498.33,24.62
568,437.47,I/O-Intensive,Medium,16.19,13.93,VM4,467.59,77.2,393.2,30.12
569,904.16,Memory-Intensive,Medium,36.85,6.49,VM10,947.5,53.6,4618.3,43.34
570,348.26,Compute-Intensive,Medium,32.39,4.68,VM11,385.33,16.94,7063.22,37.07
571,513.99,I/O-Intensive,Medium,21.38,4.22,VM17,539.59,28.95,4018.47,25.6
572,783.65,Memory-Intensive,High,38.19,17.14,VM7,838.98,23.19,288.59,55.33
573,396.54,I/O-Intensive,Medium,30.87,16.41,VM12,443.82,19.97,343.4,47.28
574,622.09,Compute-Intensive,High,44.91,8.81,VM7,675.81,39.27,3562.42,53.72
575,862.36,Memory-Intensive,High,41.08,2.65,VM12,906.09,28.35,1486.15,43.73
576,949.52,Compute-Intensive,Medium,13.39,7.65,VM15,970.56,27.46,5529.08,21.04
577,147.07,Compute-Intensive,Medium,14.3,12.39,VM2,173.76,14.38,5881.03,26.69
578,926.59,I/O-Intensive,High,7.14,9.09,VM14,942.82,11.41,1667.65,16.23
579,492.12,Memory-Intensive,Medium,17.51,15.6,VM13,525.23,18.22,7307.4,33.11
580,258.24,Compute-Intensive,Medium,49.98,19.95,VM4,328.17,23.78,3762.98,69.93
581,459.14,Compute-Intensive,Medium,20.88,3.82,VM14,483.84,44.48,1389.63,24.7
582,980.03,Memory-Intensive,Low,11.8,9.19,VM14,1001.02,50.84,6321.1,20.99
583,492.62,Compute-Intensive,High,38.36,8.62,VM16,539.6,21.25,6525.24,46.98
584,328.75,Compute-Intensive,Low,27.58,6.09,VM7,362.42,43.98,5329.45,33.67
585,633.4,Memory-Intensive,Medium,8.33,3.96,VM19,645.69,37.34,7029.1,12.29
586,240.15,Memory-Intensive,Low,19.65,1.31,VM2,261.11,24.67,6107.79,20.96
587,75.86,Memory-Intensive,Medium,21.31,17.74,VM10,114.91,10.55,7257.18,39.05
588,128.88,Memory-Intensive,Low,37.94,8.4,VM18,175.22,47.36,3699.34,46.34
589,128.05,I/O-Intensive,Medium,2.01,9.94,VM17,140.0,64.85,6188.93,11.95
590,151.9,Memory-Intensive,Low,14.18,18.34,VM5,184.42,28.1,8190.03,32.52
591,138.83,I/O-Intensive,Low,26.36,15.53,VM12,180.72,20.54,6009.05,41.89
592,640.87,I/O-Intensive,Low,14.17,2.61,VM6,657.65,80.96,1162.16,16.78
593,181.88,I/O-Intensive,High,31.79,11.31,VM9,224.98,32.0,4369.38,43.1
594,345.67,Compute-Intensive,Low,24.61,8.85,VM20,379.13,27.89,4917.19,33.46
595,896.79,I/O-Intensive,High,18.72,15.94,VM1,931.45,78.57,1638.54,34.66
596,473.96,I/O-Intensive,Medium,47.51,14.48,VM15,535.95,75.37,7897.51,61.99
597,667.56,Compute-Intensive,Low,31.98,13.81,VM6,713.35,45.87,1649.4,45.79
598,172.32,Compute-Intensive,Medium,7.37,6.81,VM19,186.5,49.14,1665.1,14.18
599,192.29,Compute-Intensive,Medium,28.44,16.1,VM18,236.83,27.42,7518.77,44.54
600,40.87,Memory-Intensive,Low,39.26,1.05,VM6,81.18,16.26,3947.87,40.31
601,168.94,Compute-Intensive,High,35.72,3.19,VM13,207.85,55.87,757.46,38.91
602,278.59,Compute-Intensive,Low,9.43,6.71,VM1,294.73,17.87,5003.22,16.14
603,177.01,I/O-Intensive,Medium,48.65,1.54,VM13,227.2,45.94,5032.09,50.19
604,88.7,Compute-Intensive,Medium,22.99,4.7,VM7,116.39,85.24,767.88,27.69
605,120.64,Memory-Intensive,Low,8.79,16.6,VM15,146.03,86.23,7973.94,25.39
606,460.78,Compute-Intensive,High,9.83,18.97,VM12,489.58,29.15,4573.42,28.8
607,206.33,Memory-Intensive,High,5.81,6.09,VM1,218.23,59.93,4698.54,11.9
608,364.27,Compute-Intensive,Medium,40.37,5.29,VM15,409.93,47.93,4383.64,45.66
609,503.42,Compute-Intensive,Medium,6.98,5.6,VM4,516.0,80.05,5102.77,12.58
610,690.39,Compute-Intensive,High,7.13,5.55,VM13,703.07,31.71,2353.48,12.68
611,39.31,Compute-Intensive,Low,42.67,0.72,VM5,82.7,10.3,2535.55,43.39
612,799.41,Memory-Intensive,Medium,17.89,18.54,VM2,835.84,23.0,4313.99,36.43
613,627.9,Memory-Intensive,High,2.51,4.27,VM1,634.68,37.96,6657.86,6.78
614,81.76,I/O-Intensive,Medium,3.54,8.4,VM16,93.7,35.26,651.73,11.94
615,873.58,Memory-Intensive,Low,7.97,0.19,VM6,881.74,73.31,5044.62,8.16
616,920.87,Compute-Intensive,High,11.46,17.16,VM16,949.49,64.44,6658.59,28.62
617,61.08,I/O-Intensive,Medium,33.59,14.62,VM14,109.29,33.96,1501.3,48.21
618,276.88,I/O-Intensive,Low,8.71,18.94,VM3,304.53,46.62,375.22,27.65
619,806.2,I/O-Intensive,Medium,6.82,15.63,VM15,828.65,17.64,2737.69,22.45
620,748.26,Compute-Intensive,Low,38.47,6.27,VM3,793.0,81.85,4923.51,44.74
621,184.52,Memory-Intensive,Low,33.88,4.96,VM2,223.36,84.83,1353.42,38.84
622,209.35,Compute-Intensive,High,22.33,13.95,VM1,245.63,88.38,3637.71,36.28
623,370.47,I/O-Intensive,Low,27.92,7.28,VM9,405.67,79.48,4639.22,35.2
624,484.52,Compute-Intensive,Medium,16.29,11.32,VM9,512.13,23.92,5008.74,27.61
625,618.25,Compute-Intensive,Low,24.64,0.13,VM7,643.02,13.7,2433.73,24.77
626,368.91,Memory-Intensive,Low,25.83,1.24,VM3,395.98,56.37,3430.64,27.07
627,462.53,Memory-Intensive,High,19.97,10.71,VM18,493.21,83.01,6432.9,30.68
628,747.47,I/O-Intensive,Low,45.42,11.32,VM11,804.21,24.19,7725.48,56.74
629,36.68,Compute-Intensive,Low,1.79,15.03,VM7,53.5,10.56,7095.88,16.82
630,252.44,Compute-Intensive,Medium,39.33,2.64,VM9,294.41,74.44,4734.15,41.97
631,713.35,Memory-Intensive,High,7.09,10.26,VM1,730.7,16.14,3512.08,17.35
632,895.21,Compute-Intensive,High,40.08,3.89,VM14,939.18,43.1,2898.34,43.97
633,511.68,Compute-Intensive,High,31.18,1.86,VM20,544.72,64.31,1247.66,33.04
634,532.11,Compute-Intensive,Low,42.32,8.21,VM6,582.64,28.94,1101.59,50.53
635,107.17,Memory-Intensive,High,5.78,3.27,VM7,116.22,16.72,5718.81,9.05
636,447.41,I/O-Intensive,Low,28.39,4.44,VM10,480.24,71.6,2317.73,32.83
637,532.62,I/O-Intensive,Low,25.55,6.35,VM7,564.52,60.41,2277.0,31.9
638,242.47,Compute-Intensive,Medium,35.6,5.19,VM2,283.26,89.08,8177.68,40.79
639,269.24,I/O-Intensive,Medium,27.18,1.75,VM4,298.17,37.54,1747.38,28.93
640,377.28,Memory-Intensive,Medium,27.5,1.8,VM17,406.58,14.94,1431.0,29.3
641,20.07,Memory-Intensive,Medium,22.05,3.86,VM1,45.98,68.75,1039.17,25.91
642,322.08,I/O-Intensive,Medium,16.13,1.01,VM10,339.22,51.74,4857.34,17.14
643,211.45,I/O-Intensive,Low,24.63,12.53,VM19,248.61,27.06,5238.73,37.16
644,327.5,Compute-Intensive,Low,6.81,5.75,VM15,340.06,72.54,3154.45,12.56
645,119.76,I/O-Intensive,High,48.11,5.59,VM10,173.46,26.3,4505.04,53.7
646,890.53,Compute-Intensive,Low,36.01,6.64,VM19,933.18,30.85,6512.74,42.65
647,593.59,Compute-Intensive,Low,47.67,13.26,VM12,654.52,17.4,6748.47,60.93
648,679.1,Memory-Intensive,Medium,12.11,17.41,VM16,708.62,41.95,7857.99,29.52
649,789.17,Memory-Intensive,Low,44.09,15.18,VM9,848.44,43.51,6797.39,59.27
650,498.44,Memory-Intensive,Medium,40.63,14.55,VM15,553.62,51.16,4738.58,55.18
651,86.92,Memory-Intensive,High,34.18,9.69,VM17,130.79,66.72,1681.76,43.87
652,537.11,I/O-Intensive,High,31.63,13.88,VM14,582.62,82.49,1047.72,45.51
653,586.84,Memory-Intensive,Low,16.51,11.06,VM18,614.41,21.02,688.61,27.57
654,745.44,I/O-Intensive,High,41.0,4.33,VM2,790.77,14.35,5545.55,45.33
655,431.66,Memory-Intensive,Low,25.57,4.17,VM4,461.4,11.48,6664.61,29.74
656,127.58,I/O-Intensive,High,4.47,5.93,VM18,137.98,21.49,4292.92,10.4
657,283.78,Compute-Intensive,Medium,16.33,18.22,VM7,318.33,62.64,690.21,34.55
658,363.08,I/O-Intensive,Medium,46.83,10.95,VM13,420.86,68.2,4505.49,57.78
659,645.92,I/O-Intensive,Medium,42.68,14.68,VM15,703.28,72.92,7682.11,57.36
660,570.78,Memory-Intensive,Medium,49.11,6.93,VM1,626.82,29.5,4998.66,56.04
661,356.1,I/O-Intensive,Low,31.77,8.15,VM11,396.02,34.47,6679.62,39.92
662,986.52,Compute-Intensive,High,13.13,2.51,VM10,1002.16,48.65,6606.01,15.64
663,605.77,Compute-Intensive,Low,8.98,3.43,VM5,618.18,15.05,7653.38,12.41
664,237.23,Memory-Intensive,Medium,10.16,16.55,VM16,263.94,58.89,6368.54,26.71
665,101.78,Compute-Intensive,Low,1.97,11.7,VM11,115.45,88.7,6189.75,13.67
666,152.86,I/O-Intensive,High,20.14,6.75,VM6,179.75,38.86,2113.84,26.89
667,245.96,Compute-Intensive,Low,10.38,16.06,VM9,272.4,70.23,731.57,26.44
668,160.68,Memory-Intensive,High,21.17,4.93,VM13,186.78,50.0,4363.67,26.1
669,186.57,I/O-Intensive,Low,46.81,19.52,VM8,252.9,20.22,1243.51,66.33
670,285.1,Memory-Intensive,High,22.1,6.9,VM14,314.1,56.58,7891.99,29.0
671,173.37,I/O-Intensive,High,44.02,6.75,VM1,224.14,33.99,2556.84,50.77
672,896.77,Compute-Intensive,Medium,30.67,6.24,VM17,933.68,12.75,7024.97,36.91
673,80.23,Memory-Intensive,High,13.11,2.44,VM5,95.78,60.79,3332.19,15.55
674,524.51,Memory-Intensive,Medium,18.44,2.22,VM2,545.17,78.71,2820.87,20.66
675,410.4,I/O-Intensive,Medium,5.11,12.96,VM9,428.47,37.58,7677.42,18.07
676,982.38,Memory-Intensive,Medium,17.34,17.5,VM4,1017.22,41.22,3139.33,34.84
677,112.04,I/O-Intensive,Low,34.2,15.81,VM17,162.05,81.28,3353.32,50.01
678,397.86,I/O-Intensive,Low,4.53,2.82,VM17,405.21,75.09,1097.94,7.35
679,969.47,I/O-Intensive,Low,11.06,10.91,VM18,991.44,67.2,5576.66,21.97
680,865.51,I/O-Intensive,Low,19.69,2.11,VM16,887.31,29.9,2548.23,21.8
681,817.07,Compute-Intensive,High,49.12,0.91,VM8,867.1,82.82,4903.35,50.03
682,257.9,I/O-Intensive,High,39.46,13.13,VM11,310.49,22.35,4948.97,52.59
683,170.89,Memory-Intensive,Low,36.94,10.7,VM18,218.53,60.14,5963.57,47.64
684,668.64,Compute-Intensive,High,6.69,1.64,VM10,676.97,12.3,6170.24,8.33
685,929.38,Memory-Intensive,High,39.27,0.7,VM13,969.35,61.5,4338.69,39.97
686,556.76,Compute-Intensive,Medium,39.48,19.8,VM17,616.04,32.17,2882.75,59.28
687,571.61,I/O-Intensive,Medium,30.45,0.6,VM18,602.66,45.97,6902.01,31.05
688,279.98,Compute-Intensive,Medium,49.53,8.89,VM10,338.4,37.62,2715.09,58.42
689,769.49,Compute-Intensive,Medium,16.94,10.09,VM16,796.52,23.82,4283.59,27.03
690,187.04,Memory-Intensive,High,47.12,2.35,VM20,236.51,59.76,3440.34,49.47
691,323.68,Memory-Intensive,Low,45.82,3.38,VM5,372.88,80.56,7041.9,49.2
692,425.44,I/O-Intensive,High,1.56,7.04,VM13,434.04,86.73,3683.71,8.6
693,507.61,Compute-Intensive,High,23.06,15.23,VM18,545.9,25.39,3320.08,38.29
694,242.41,Compute-Intensive,High,48.88,10.14,VM17,301.43,67.39,5730.44,59.02
695,114.84,Compute-Intensive,Medium,6.05,12.76,VM9,133.65,63.15,5036.97,18.81
696,610.62,I/O-Intensive,Medium,27.84,19.7,VM14,658.16,37.47,1107.11,47.54
697,288.63,I/O-Intensive,Medium,48.97,15.36,VM17,352.96,11.53,4288.83,64.33
698,581.24,I/O-Intensive,Low,28.22,8.69,VM4,618.15,65.18,6092.76,36.91
699,154.36,I/O-Intensive,High,10.3,8.93,VM18,173.59,85.64,8129.11,19.23
700,481.14,I/O-Intensive,Low,29.53,12.38,VM20,523.05,60.57,5248.91,41.91
701,532.59,Memory-Intensive,Medium,11.02,13.31,VM15,556.92,44.82,3194.65,24.33
702,51.82,Compute-Intensive,Low,26.47,10.01,VM11,88.3,52.01,2050.74,36.48
703,336.6,Compute-Intensive,High,4.63,12.9,VM12,354.13,25.97,7182.78,17.53
704,134.41,Compute-Intensive,High,30.67,0.47,VM9,165.55,70.04,6720.39,31.14
705,63.37,Compute-Intensive,Medium,26.32,8.59,VM13,98.28,69.71,2112.41,34.91
706,989.96,Compute-Intensive,Medium,37.27,5.58,VM15,1032.81,21.64,1848.22,42.85
707,322.35,Compute-Intensive,Low,31.9,2.58,VM15,356.83,80.24,5931.33,34.48
708,809.87,Compute-Intensive,Medium,27.93,1.99,VM5,839.79,31.54,2755.46,29.92
709,254.64,Compute-Intensive,Medium,34.8,12.06,VM19,301.5,88.58,2687.58,46.86
710,681.5,Memory-Intensive,High,8.05,10.47,VM20,700.02,40.63,1464.58,18.52
711,760.23,Compute-Intensive,Medium,30.17,5.07,VM14,795.47,24.23,2350.91,35.24
712,595.64,Memory-Intensive,Medium,9.43,9.42,VM17,614.49,38.14,3648.7,18.85
713,471.58,I/O-Intensive,High,46.35,9.84,VM18,527.77,45.21,6071.81,56.19
714,411.84,Compute-Intensive,High,4.35,3.9,VM3,420.09,15.54,2924.94,8.25
715,348.87,I/O-Intensive,Low,22.09,13.04,VM2,384.0,56.26,2863.8,35.13
716,929.53,I/O-Intensive,Medium,35.09,15.62,VM1,980.24,57.81,2517.07,50.71
717,830.62,I/O-Intensive,High,23.44,15.83,VM10,869.89,69.11,4051.66,39.27
718,965.03,Memory-Intensive,Low,5.51,12.05,VM19,982.59,12.33,1689.53,17.56
719,124.3,I/O-Intensive,Low,28.12,10.23,VM17,162.65,53.3,4109.97,38.35
720,730.87,I/O-Intensive,Medium,32.44,1.22,VM12,764.53,14.23,5844.34,33.66
721,938.34,I/O-Intensive,Medium,35.49,5.76,VM1,979.59,66.09,492.42,41.25
722,181.23,Compute-Intensive,Low,19.29,1.87,VM12,202.39,14.46,333.61,21.16
723,66.5,Compute-Intensive,High,28.62,19.28,VM17,114.4,82.94,852.18,47.9
724,741.12,Memory-Intensive,Low,23.08,2.7,VM3,766.9,66.17,4507.0,25.78
725,574.47,Memory-Intensive,Medium,33.93,3.04,VM11,611.44,50.59,7036.96,36.97
726,841.83,Compute-Intensive,High,29.59,17.79,VM17,889.21,45.32,294.76,47.38
727,139.77,Memory-Intensive,High,26.76,18.88,VM3,185.41,20.45,7689.34,45.64
728,795.27,Compute-Intensive,Low,13.23,15.32,VM8,823.82,33.28,1099.43,28.55
729,201.63,I/O-Intensive,Medium,1.1,0.11,VM20,202.84,79.52,6937.98,1.21
730,163.66,I/O-Intensive,Low,9.53,0.03,VM4,173.22,82.36,4087.94,9.56
731,164.27,Memory-Intensive,Low,6.74,7.56,VM7,178.57,10.06,5488.66,14.3
732,814.57,Compute-Intensive,Low,23.01,2.87,VM14,840.45,57.53,4308.78,25.88
733,665.2,Compute-Intensive,High,31.0,0.37,VM14,696.57,67.54,4041.85,31.37
734,523.07,Memory-Intensive,High,11.44,9.28,VM4,543.79,59.5,6881.76,20.72
735,358.83,Compute-Intensive,Medium,47.01,18.86,VM16,424.7,16.53,6254.71,65.87
736,877.2,I/O-Intensive,Medium,1.33,6.48,VM1,885.01,27.42,4092.28,7.81
737,392.45,Memory-Intensive,Low,38.84,13.22,VM17,444.51,30.03,1141.94,52.06
738,816.6,Memory-Intensive,Low,31.64,13.04,VM10,861.28,76.54,1171.84,44.68
739,439.13,Compute-Intensive,Low,19.3,5.02,VM16,463.45,47.06,6617.02,24.32
740,376.94,Memory-Intensive,Medium,3.47,13.01,VM16,393.42,48.95,4457.24,16.48
741,462.68,Compute-Intensive,High,31.75,4.25,VM8,498.68,84.79,4077.89,36.0
742,301.38,Compute-Intensive,High,19.9,2.44,VM7,323.72,60.97,5656.98,22.34
743,747.61,Compute-Intensive,Low,46.88,14.03,VM6,808.52,81.89,7071.77,60.91
744,502.72,Compute-Intensive,Low,27.56,2.27,VM16,532.55,46.52,5246.74,29.83
745,232.21,Compute-Intensive,Low,47.04,19.94,VM20,299.19,21.95,6309.96,66.98
746,899.57,Memory-Intensive,Low,11.8,3.67,VM16,915.04,84.39,6329.19,15.47
747,383.89,I/O-Intensive,Medium,36.56,11.88,VM7,432.33,46.7,3083.29,48.44
748,543.55,I/O-Intensive,High,31.25,8.23,VM9,583.03,24.53,2431.12,39.48
749,906.47,Memory-Intensive,Low,37.23,2.53,VM14,946.23,34.19,6614.04,39.76
750,624.24,Memory-Intensive,Medium,11.52,0.56,VM11,636.32,14.06,3249.29,12.08
751,116.9,I/O-Intensive,Low,33.58,12.45,VM14,162.93,47.46,7424.87,46.03
752,939.83,I/O-Intensive,Low,25.4,16.14,VM7,981.37,78.25,809.07,41.54
753,627.71,I/O-Intensive,High,37.4,16.84,VM1,681.95,84.69,718.01,54.24
754,334.91,I/O-Intensive,Low,17.03,9.65,VM13,361.59,84.61,7612.71,26.68
755,139.27,I/O-Intensive,High,44.61,15.55,VM20,199.43,20.02,5402.14,60.16
756,794.03,Compute-Intensive,High,5.13,13.46,VM3,812.62,40.56,3268.5,18.59
757,620.07,Memory-Intensive,High,40.55,14.49,VM20,675.11,12.26,6248.16,55.04
758,533.46,Compute-Intensive,Medium,43.2,9.85,VM4,586.51,78.41,5591.59,53.05
759,893.89,I/O-Intensive,Medium,41.05,12.67,VM11,947.61,38.7,4471.61,53.72
760,788.6,I/O-Intensive,High,26.12,16.11,VM2,830.83,60.49,1040.66,42.23
761,151.67,I/O-Intensive,Low,22.48,7.96,VM14,182.11,67.19,6701.46,30.44
762,311.72,Compute-Intensive,High,49.82,16.12,VM12,377.66,44.39,7128.76,65.94
763,248.49,Compute-Intensive,Low,12.23,11.84,VM17,272.56,34.52,1622.33,24.07
764,743.95,I/O-Intensive,High,27.8,3.32,VM12,775.07,86.98,7005.66,31.12
765,33.53,Compute-Intensive,Low,33.86,0.49,VM12,67.88,87.16,7222.6,34.35
766,569.89,Compute-Intensive,Medium,35.34,7.26,VM1,612.49,33.15,4616.27,42.6
767,762.46,I/O-Intensive,Low,11.0,10.93,VM13,784.39,48.37,5463.44,21.93
768,876.77,Compute-Intensive,High,33.05,16.8,VM14,926.62,87.83,3289.44,49.85
769,342.08,Memory-Intensive,Medium,41.1,2.55,VM2,385.73,10.39,2492.3,43.65
770,821.26,Memory-Intensive,Low,3.45,16.0,VM12,840.71,43.01,5985.66,19.45
771,110.63,Memory-Intensive,Low,45.66,17.26,VM16,173.55,18.04,7095.84,62.92
772,846.45,Memory-Intensive,Low,2.45,3.01,VM4,851.91,50.73,5446.76,5.46
773,127.49,I/O-Intensive,Low,18.44,17.03,VM8,162.96,11.97,4315.98,35.47
774,397.29,I/O-Intensive,Low,1.77,19.83,VM2,418.89,42.55,1517.23,21.6
775,797.3,I/O-Intensive,Medium,4.78,14.54,VM10,816.62,27.66,680.25,19.32
776,149.92,Memory-Intensive,Medium,45.65,15.7,VM9,211.27,52.66,3793.01,61.35
777,229.25,Memory-Intensive,Medium,18.39,19.89,VM15,267.53,89.68,647.64,38.28
778,722.25,Compute-Intensive,Medium,21.81,12.11,VM13,756.17,74.04,4774.24,33.92
779,720.04,Compute-Intensive,High,11.55,6.16,VM17,737.75,77.65,3293.34,17.71
780,641.15,Memory-Intensive,Medium,30.26,16.75,VM16,688.16,60.82,6265.05,47.01
781,693.95,Memory-Intensive,Low,30.15,12.29,VM2,736.39,13.32,2681.63,42.44
782,542.72,Memory-Intensive,Low,19.24,11.62,VM20,573.58,26.54,4961.91,30.86
783,251.8,Memory-Intensive,Medium,17.32,5.07,VM20,274.19,84.01,4523.06,22.39
784,345.7,Compute-Intensive,Low,44.36,15.13,VM14,405.19,39.29,293.4,59.49
785,181.6,Memory-Intensive,Medium,19.78,1.63,VM3,203.01,18.29,830.48,21.41
786,908.45,Compute-Intensive,Low,25.18,18.49,VM12,952.12,66.19,2560.36,43.67
787,583.39,Memory-Intensive,High,14.88,6.52,VM8,604.79,33.96,7257.42,21.4
788,400.85,Memory-Intensive,High,39.55,2.56,VM2,442.96,31.51,1422.71,42.11
789,462.01,Memory-Intensive,Medium,20.47,8.85,VM4,491.33,89.84,5897.66,29.32
790,947.28,Compute-Intensive,Medium,26.17,0.85,VM14,974.3,78.65,7980.64,27.02
791,153.35,Compute-Intensive,Medium,13.41,13.69,VM16,180.45,42.64,6529.94,27.1
792,586.23,I/O-Intensive,Low,49.4,18.05,VM19,653.68,88.42,2184.01,67.45
793,505.89,Memory-Intensive,Medium,15.28,16.75,VM2,537.92,62.01,7464.79,32.03
794,611.45,I/O-Intensive,High,38.77,2.55,VM12,652.77,69.36,994.9,41.32
795,18.11,I/O-Intensive,Low,21.95,2.53,VM14,42.59,12.52,3971.17,24.48
796,872.12,Compute-Intensive,Medium,11.1,16.27,VM6,899.49,19.73,7299.53,27.37
797,932.12,Compute-Intensive,Low,40.19,18.49,VM13,990.8,60.65,5345.08,58.68
798,565.13,I/O-Intensive,Low,17.35,9.21,VM4,591.69,81.92,3538.68,26.56
799,696.65,Memory-Intensive,Medium,43.39,9.98,VM18,750.02,59.9,2579.76,53.37
800,922.5,Compute-Intensive,Low,45.85,6.37,VM12,974.72,20.72,3232.79,52.22
801,707.24,Memory-Intensive,High,43.13,17.89,VM20,768.26,19.26,4294.96,61.02
802,152.54,Memory-Intensive,High,2.72,12.9,VM19,168.16,77.53,2787.93,15.62
803,576.29,I/O-Intensive,Low,39.58,5.77,VM8,621.64,21.14,7945.73,45.35
804,606.72,I/O-Intensive,Medium,21.16,5.98,VM7,633.86,51.62,7660.9,27.14
805,424.13,I/O-Intensive,Low,43.81,17.82,VM16,485.76,12.97,7165.65,61.63
806,736.44,I/O-Intensive,High,32.26,0.27,VM19,768.97,16.45,3603.64,32.53
807,934.37,Compute-Intensive,Low,41.85,6.45,VM6,982.67,63.79,5742.17,48.3
808,925.57,Compute-Intensive,Low,25.47,11.09,VM20,962.13,65.13,7420.85,36.56
809,450.84,I/O-Intensive,High,27.22,2.96,VM11,481.02,37.32,7005.01,30.18
810,113.24,Compute-Intensive,Low,8.07,1.84,VM5,123.15,27.25,3544.1,9.91
811,984.84,I/O-Intensive,Low,39.42,16.31,VM16,1040.57,75.1,1147.9,55.73
812,838.9,Memory-Intensive,Medium,21.55,17.89,VM7,878.34,27.37,856.2,39.44
813,124.66,Memory-Intensive,Medium,25.5,16.47,VM5,166.63,53.36,4835.58,41.97
814,920.84,Memory-Intensive,High,39.47,17.98,VM11,978.29,87.46,5355.9,57.45
815,869.9,I/O-Intensive,High,30.34,11.06,VM15,911.3,21.83,7000.35,41.4
816,518.84,Memory-Intensive,High,10.85,16.25,VM3,545.94,85.27,2577.4,27.1
817,591.28,Compute-Intensive,Medium,29.92,7.68,VM5,628.88,24.63,1585.05,37.6
818,399.0,Memory-Intensive,High,20.97,13.33,VM5,433.3,55.4,3263.79,34.3
819,54.76,Memory-Intensive,High,24.01,19.78,VM9,98.55,40.16,3061.97,43.79
820,335.2,Memory-Intensive,High,2.39,4.51,VM15,342.1,87.19,1307.27,6.9
821,802.85,Compute-Intensive,Medium,11.29,7.8,VM3,821.94,31.88,5591.24,19.09
822,4.63,I/O-Intensive,Low,14.77,9.6,VM6,29.0,41.97,4292.98,24.37
823,333.5,Compute-Intensive,High,35.94,2.76,VM17,372.2,88.63,5978.83,38.7
824,398.17,I/O-Intensive,Low,1.56,1.62,VM8,401.35,52.92,3054.96,3.18
825,537.4,I/O-Intensive,High,21.03,16.59,VM11,575.02,50.21,2840.77,37.62
826,919.86,Memory-Intensive,Low,46.28,19.54,VM6,985.68,30.62,4006.36,65.82
827,346.35,I/O-Intensive,Medium,6.48,8.09,VM8,360.92,66.11,7219.1,14.57
828,346.95,Compute-Intensive,Medium,26.3,1.75,VM10,375.0,11.15,575.67,28.05
829,737.5,Compute-Intensive,High,39.54,1.32,VM3,778.36,13.96,6643.15,40.86
830,452.22,I/O-Intensive,Low,47.18,17.83,VM14,517.23,57.95,3184.29,65.01
831,224.6,Memory-Intensive,Medium,37.59,9.28,VM14,271.47,37.33,7038.26,46.87
832,452.44,Memory-Intensive,High,36.31,6.4,VM10,495.15,86.27,6622.28,42.71
833,140.86,Compute-Intensive,High,41.5,9.53,VM12,191.89,82.26,3023.77,51.03
834,176.39,Memory-Intensive,Medium,22.86,6.37,VM6,205.62,67.1,5762.6,29.23
835,498.37,I/O-Intensive,Medium,40.49,9.78,VM12,548.64,75.45,1522.85,50.27
836,418.93,I/O-Intensive,High,1.39,17.19,VM14,437.51,63.39,7368.89,18.58
837,914.85,Compute-Intensive,Low,46.3,11.85,VM2,973.0,20.05,3466.04,58.15
838,362.39,I/O-Intensive,Low,22.72,13.89,VM9,399.0,71.24,3871.84,36.61
839,580.59,Compute-Intensive,Low,28.12,7.29,VM10,616.0,26.82,5856.9,35.41
840,632.26,I/O-Intensive,High,13.49,14.77,VM17,660.52,35.88,6770.19,28.26
841,13.09,Compute-Intensive,Medium,37.38,13.33,VM17,63.8,75.54,2131.62,50.71
842,663.54,Memory-Intensive,High,4.76,2.39,VM3,670.69,52.92,5504.47,7.15
843,178.04,I/O-Intensive,Medium,43.76,11.45,VM19,233.25,78.8,3366.9,55.21
844,961.07,I/O-Intensive,Low,41.58,5.13,VM1,1007.78,27.04,3182.03,46.71
845,148.66,Compute-Intensive,Low,11.59,16.08,VM12,176.33,58.62,5732.04,27.67
846,414.62,Compute-Intensive,Medium,40.66,8.52,VM7,463.8,16.7,3328.69,49.18
847,85.35,I/O-Intensive,Medium,39.53,19.89,VM4,144.77,61.44,3002.72,59.42
848,996.87,Compute-Intensive,High,31.98,1.85,VM10,1030.7,71.0,6889.61,33.83
849,502.2,I/O-Intensive,Low,19.3,15.61,VM13,537.11,56.79,1059.73,34.91
850,595.39,Memory-Intensive,High,14.3,13.47,VM2,623.16,31.3,5619.88,27.77
851,67.08,Compute-Intensive,High,12.36,15.35,VM10,94.79,12.51,2229.88,27.71
852,749.96,I/O-Intensive,High,16.61,6.15,VM4,772.72,19.56,378.99,22.76
853,209.91,Memory-Intensive,Low,45.27,9.84,VM18,265.02,59.78,1579.44,55.11
854,898.05,Memory-Intensive,High,4.8,15.93,VM5,918.78,84.75,5070.47,20.73
855,205.14,I/O-Intensive,High,41.61,4.65,VM19,251.4,26.52,5883.63,46.26
856,190.69,Compute-Intensive,High,18.1,4.52,VM2,213.31,68.8,423.11,22.62
857,36.55,I/O-Intensive,High,26.56,11.02,VM12,74.13,79.32,545.07,37.58
858,472.07,Memory-Intensive,High,39.93,10.47,VM17,522.47,51.67,7418.57,50.4
859,564.84,I/O-Intensive,High,44.33,5.65,VM10,614.82,63.54,837.75,49.98
860,65.71,Compute-Intensive,Low,17.89,5.96,VM2,89.56,75.2,7352.23,23.85
861,775.53,Memory-Intensive,High,23.63,5.56,VM6,804.72,30.85,2066.72,29.19
862,453.29,I/O-Intensive,Medium,21.31,15.43,VM8,490.03,33.75,6128.78,36.74
863,524.39,Compute-Intensive,High,1.65,13.04,VM19,539.08,10.05,2714.04,14.69
864,440.76,Memory-Intensive,High,15.5,16.65,VM11,472.91,87.05,7071.06,32.15
865,400.76,Compute-Intensive,Low,23.5,19.51,VM12,443.77,83.4,5814.81,43.01
866,559.64,Memory-Intensive,Low,21.14,9.48,VM9,590.26,71.17,3444.79,30.62
867,155.24,I/O-Intensive,Medium,36.37,1.33,VM2,192.94,16.33,861.54,37.7
868,181.93,Compute-Intensive,Medium,19.86,0.96,VM8,202.75,45.8,6070.71,20.82
869,861.79,Memory-Intensive,Low,24.98,5.91,VM11,892.68,18.15,5151.6,30.89
870,946.12,Compute-Intensive,Low,22.05,18.65,VM4,986.82,11.27,279.11,40.7
871,373.31,Compute-Intensive,High,37.29,10.46,VM10,421.06,59.29,330.76,47.75
872,270.74,I/O-Intensive,Low,43.29,5.44,VM20,319.47,86.87,6674.58,48.73
873,644.0,Compute-Intensive,Medium,27.06,7.98,VM16,679.04,82.23,2314.6,35.04
874,408.73,Memory-Intensive,High,39.68,11.97,VM8,460.38,65.74,5304.36,51.65
875,25.39,Memory-Intensive,Medium,15.54,13.06,VM4,53.99,17.73,3860.65,28.6
876,156.15,Memory-Intensive,High,27.53,3.08,VM10,186.76,31.93,7108.18,30.61
877,715.97,Memory-Intensive,Low,17.92,19.54,VM12,753.43,35.6,7533.0,37.46
878,658.92,I/O-Intensive,Medium,21.3,10.9,VM14,691.12,71.05,8166.67,32.2
879,27.1,Compute-Intensive,High,36.89,2.71,VM16,66.7,74.18,1475.64,39.6
880,221.97,I/O-Intensive,High,44.2,17.87,VM18,284.04,40.81,7104.48,62.07
881,231.07,Compute-Intensive,Low,6.95,1.49,VM12,239.51,43.43,2367.15,8.44
882,671.89,Compute-Intensive,Low,32.1,18.15,VM18,722.14,13.56,4944.71,50.25
883,19.71,Compute-Intensive,Low,29.53,19.93,VM7,69.17,33.13,4269.81,49.46
884,104.11,I/O-Intensive,Medium,6.8,14.01,VM20,124.92,46.1,398.75,20.81
885,799.92,Compute-Intensive,High,11.38,15.41,VM7,826.71,19.36,7658.47,26.79
886,178.54,I/O-Intensive,Low,16.24,6.75,VM9,201.53,46.26,877.6,22.99
887,652.75,Memory-Intensive,Medium,9.18,18.83,VM1,680.76,78.25,5717.71,28.01
888,238.18,Memory-Intensive,Medium,12.94,10.59,VM6,261.71,56.51,6485.81,23.53
889,99.44,Compute-Intensive,Medium,14.11,14.65,VM6,128.2,16.31,6567.4,28.76
890,243.17,I/O-Intensive,Low,17.45,18.48,VM12,279.1,25.33,1331.28,35.93
891,722.27,Memory-Intensive,Low,37.72,19.5,VM12,779.49,47.96,3807.92,57.22
892,855.7,I/O-Intensive,High,29.02,16.66,VM10,901.38,38.92,6838.35,45.68
893,830.22,I/O-Intensive,High,49.33,6.06,VM6,885.61,38.7,2658.06,55.39
894,397.18,Compute-Intensive,Low,21.32,19.33,VM17,437.83,52.34,3968.05,40.65
895,668.09,Memory-Intensive,Medium,37.94,12.56,VM19,718.59,56.75,2420.89,50.5
896,204.98,Compute-Intensive,Medium,43.7,18.61,VM18,267.29,73.75,3934.74,62.31
897,293.15,Compute-Intensive,Medium,34.27,13.52,VM6,340.94,37.28,7301.88,47.79
898,896.34,Memory-Intensive,High,21.18,6.14,VM19,923.66,74.44,3867.87,27.32
899,13.0,Memory-Intensive,Medium,37.93,7.4,VM10,58.33,37.09,4667.72,45.33
900,85.51,I/O-Intensive,High,10.98,11.01,VM8,107.5,14.43,3461.96,21.99
901,207.89,Memory-Intensive,High,17.05,15.8,VM6,240.74,54.34,3907.49,32.85
902,26.53,I/O-Intensive,Medium,27.79,6.36,VM7,60.68,57.03,376.42,34.15
903,181.44,I/O-Intensive,Medium,29.2,11.59,VM1,222.23,84.76,2507.8,40.79
904,583.04,I/O-Intensive,Low,2.08,6.91,VM18,592.03,68.08,3720.71,8.99
905,421.42,Memory-Intensive,Low,47.31,16.32,VM20,485.05,83.42,5285.81,63.63
906,892.67,Compute-Intensive,Medium,35.13,9.33,VM12,937.13,82.67,3827.61,44.46
907,817.44,I/O-Intensive,High,25.29,1.53,VM16,844.26,58.37,2936.92,26.82
908,341.82,Compute-Intensive,High,46.72,3.32,VM10,391.86,52.22,3335.95,50.04
909,259.42,Compute-Intensive,High,22.52,1.22,VM10,283.16,54.6,2178.84,23.74
910,379.69,Memory-Intensive,High,49.04,9.99,VM14,438.72,88.27,7592.79,59.03
911,590.29,Compute-Intensive,High,26.1,2.13,VM20,618.52,71.85,4396.55,28.23
912,268.06,Compute-Intensive,Low,6.6,2.28,VM10,276.94,18.5,362.42,8.88
913,624.15,Memory-Intensive,Medium,38.48,18.82,VM10,681.45,72.27,410.33,57.3
914,409.41,I/O-Intensive,Low,34.27,17.45,VM11,461.13,23.64,7977.42,51.72
915,552.05,Compute-Intensive,High,38.88,9.04,VM2,599.97,45.79,2013.43,47.92
916,436.13,Memory-Intensive,High,47.62,19.72,VM20,503.47,26.84,6649.31,67.34
917,294.47,Compute-Intensive,High,39.05,0.0,VM8,333.52,65.17,718.47,39.05
918,948.45,Compute-Intensive,High,30.96,12.28,VM7,991.69,80.18,7566.35,43.24
919,763.61,I/O-Intensive,Medium,43.01,12.33,VM8,818.95,33.23,7195.37,55.34
920,140.11,Compute-Intensive,High,33.99,9.15,VM1,183.25,16.56,4788.2,43.14
921,868.47,Memory-Intensive,Medium,21.0,7.94,VM2,897.41,33.88,327.41,28.94
922,487.43,Compute-Intensive,High,44.4,9.11,VM18,540.94,63.79,2301.99,53.51
923,894.55,I/O-Intensive,Medium,11.87,8.3,VM15,914.72,36.3,3484.54,20.17
924,799.86,I/O-Intensive,Low,36.02,14.61,VM1,850.49,32.25,3907.07,50.63
925,425.21,Memory-Intensive,High,44.2,2.71,VM5,472.12,24.75,2618.38,46.91
926,22.47,I/O-Intensive,Medium,36.83,3.95,VM2,63.25,49.8,517.47,40.78
927,268.68,Compute-Intensive,Low,35.17,3.61,VM20,307.46,32.08,4939.25,38.78
928,541.63,I/O-Intensive,High,37.88,5.25,VM3,584.76,68.48,4415.69,43.13
929,633.48,Memory-Intensive,High,23.79,10.51,VM19,667.78,16.13,2501.89,34.3
930,257.89,I/O-Intensive,High,43.83,2.22,VM18,303.94,63.12,557.38,46.05
931,139.36,I/O-Intensive,Medium,10.97,17.36,VM18,167.69,29.0,8149.1,28.33
932,834.93,I/O-Intensive,Medium,7.24,5.95,VM14,848.12,49.14,4081.04,13.19
933,984.4,Memory-Intensive,Low,14.99,3.25,VM8,1002.64,32.89,6255.65,18.24
934,525.69,I/O-Intensive,Medium,27.05,13.51,VM12,566.25,67.82,3845.56,40.56
935,171.68,I/O-Intensive,Medium,26.02,0.76,VM10,198.46,85.62,598.6,26.78
936,272.31,Compute-Intensive,High,41.21,12.4,VM20,325.92,83.37,2712.99,53.61
937,18.39,Memory-Intensive,High,20.82,13.96,VM17,53.17,56.67,2796.39,34.78
938,914.3,I/O-Intensive,High,24.73,4.3,VM11,943.33,47.01,6909.17,29.03
939,117.75,Memory-Intensive,High,1.66,0.84,VM2,120.25,75.46,5447.97,2.5
940,576.52,I/O-Intensive,High,21.08,7.27,VM4,604.87,64.67,2441.81,28.35
941,274.06,I/O-Intensive,High,32.74,1.97,VM1,308.77,24.69,7935.98,34.71
942,554.18,I/O-Intensive,High,1.76,2.33,VM15,558.27,75.67,2807.76,4.09
943,651.42,Compute-Intensive,Low,14.76,5.09,VM13,671.27,44.31,8177.99,19.85
944,829.74,Compute-Intensive,Low,11.19,5.91,VM8,846.84,25.12,8161.56,17.1
945,206.42,Compute-Intensive,Low,3.06,10.6,VM4,220.08,32.54,1773.45,13.66
946,11.0,Memory-Intensive,Low,24.48,13.57,VM10,49.05,31.4,2737.91,38.05
947,136.89,Memory-Intensive,High,9.9,11.86,VM19,158.65,51.54,4113.25,21.76
948,900.02,Compute-Intensive,Low,37.41,2.97,VM18,940.4,28.75,5526.3,40.38
949,873.89,Memory-Intensive,High,42.55,3.44,VM5,919.88,19.89,4446.58,45.99
950,597.41,I/O-Intensive,Low,27.73,17.58,VM19,642.72,19.9,7949.49,45.31
951,600.52,I/O-Intensive,Medium,49.1,11.17,VM16,660.79,56.66,6001.58,60.27
952,665.04,I/O-Intensive,Low,23.07,17.4,VM1,705.51,68.78,1938.79,40.47
953,175.37,Compute-Intensive,Low,26.16,7.43,VM12,208.96,35.72,1090.05,33.59
954,914.41,Memory-Intensive,High,49.47,12.29,VM2,976.17,12.77,5719.15,61.76
955,418.77,Compute-Intensive,Low,12.35,10.47,VM8,441.59,20.18,1513.48,22.82
956,383.14,Memory-Intensive,Medium,47.18,6.38,VM18,436.7,83.18,6507.0,53.56
957,518.92,I/O-Intensive,High,3.1,9.4,VM16,531.42,49.48,2724.39,12.5
958,46.97,Compute-Intensive,High,22.87,10.05,VM5,79.89,46.29,2850.22,32.92
959,166.28,Memory-Intensive,Low,4.43,4.02,VM13,174.73,13.04,341.7,8.45
960,738.03,Memory-Intensive,High,36.73,6.3,VM19,781.06,68.29,5819.23,43.03
961,82.8,I/O-Intensive,High,30.81,15.83,VM3,129.44,52.25,1154.91,46.64
962,603.15,Compute-Intensive,High,35.63,18.32,VM8,657.1,26.17,6389.58,53.95
963,245.35,Compute-Intensive,High,19.35,7.2,VM12,271.9,18.81,4159.46,26.55
964,389.3,Compute-Intensive,High,19.1,6.14,VM2,414.54,40.67,6480.04,25.24
965,288.69,I/O-Intensive,High,3.22,3.9,VM11,295.81,76.97,4890.04,7.12
966,355.67,Compute-Intensive,Medium,18.15,13.57,VM12,387.39,79.22,910.19,31.72
967,719.05,I/O-Intensive,Low,46.54,6.46,VM18,772.05,58.23,6332.22,53.0
968,297.12,I/O-Intensive,Medium,19.58,19.75,VM13,336.45,68.2,809.93,39.33
969,566.4,I/O-Intensive,High,41.74,6.51,VM5,614.65,19.21,4054.98,48.25
970,476.05,Memory-Intensive,High,42.27,7.88,VM12,526.2,57.05,1623.76,50.15
971,663.67,Compute-Intensive,Low,19.29,12.07,VM2,695.03,63.36,6226.53,31.36
972,936.83,Compute-Intensive,Medium,31.97,16.03,VM5,984.83,26.06,7490.39,48.0
973,732.57,I/O-Intensive,Low,5.67,9.39,VM7,747.63,80.41,4653.55,15.06
974,214.94,I/O-Intensive,Medium,6.08,8.45,VM12,229.47,25.6,4439.44,14.53
975,31.18,Compute-Intensive,High,3.38,19.91,VM16,54.47,35.08,6318.81,23.29
976,262.26,I/O-Intensive,Low,29.47,0.21,VM8,291.94,59.64,296.31,29.68
977,595.08,Compute-Intensive,Low,21.88,17.9,VM9,634.86,61.07,7539.33,39.78
978,51.43,Memory-Intensive,High,27.85,2.98,VM15,82.26,65.95,1822.95,30.83
979,496.37,I/O-Intensive,Low,26.53,15.72,VM5,538.62,18.96,8065.97,42.25
980,596.84,Compute-Intensive,Medium,18.16,12.36,VM13,627.36,77.96,6098.91,30.52
981,334.24,I/O-Intensive,Medium,34.2,6.84,VM5,375.28,52.63,6400.46,41.04
982,770.91,Compute-Intensive,Medium,38.17,17.48,VM11,826.56,47.71,5463.63,55.65
983,106.6,Compute-Intensive,Medium,1.72,0.26,VM10,108.58,88.49,3999.12,1.98
984,75.14,I/O-Intensive,High,11.15,4.53,VM20,90.82,69.23,4792.44,15.68
985,728.19,Memory-Intensive,Low,35.95,11.34,VM13,775.48,19.44,624.25,47.29
986,495.49,Compute-Intensive,Medium,19.94,7.03,VM9,522.46,70.52,5207.74,26.97
987,688.4,Compute-Intensive,High,33.46,12.21,VM14,734.07,17.62,5224.71,45.67
988,434.83,Compute-Intensive,Low,18.0,0.48,VM18,453.31,12.2,7328.57,18.48
989,246.4,Memory-Intensive,Low,20.15,2.33,VM15,268.88,42.29,4268.89,22.48
990,819.1,Memory-Intensive,High,8.78,2.54,VM10,830.42,89.49,868.22,11.32
991,799.42,I/O-Intensive,High,13.65,3.79,VM7,816.86,23.99,2685.97,17.44
992,694.7,Memory-Intensive,Medium,30.67,9.19,VM8,734.56,63.81,5459.08,39.86
993,272.15,I/O-Intensive,Low,22.22,15.04,VM3,309.41,23.87,2154.76,37.26
994,590.23,I/O-Intensive,Low,38.94,18.11,VM15,647.28,67.98,2482.27,57.05
995,360.97,Memory-Intensive,High,42.78,16.71,VM16,420.46,50.43,6767.24,59.49
996,91.58,I/O-Intensive,Low,27.54,3.94,VM4,123.06,64.4,4893.16,31.48
997,917.31,Memory-Intensive,Medium,38.16,8.82,VM6,964.29,26.23,4291.67,46.98
998,136.82,I/O-Intensive,Low,16.04,3.99,VM1,156.85,69.65,2783.23,20.03
999,950.24,Memory-Intensive,High,21.33,5.29,VM4,976.86,89.65,6056.64,26.62
1000,446.01,Memory-Intensive,High,35.93,10.07,VM11,492.01,63.25,2539.33,46.0
